0,1
0.5211151226580466,-0.008186008639737934
0.9856047898206955,-0.14112678938487178
-0.9820780209760661,0.10022839676888984
-0.501722282131405,-0.0622420334659399
-0.14975264924246925,0.4817350557328602
-0.46267184066406425,0.906494264706893
-0.8814671526068432,0.45830237832341353
0.07646913252672127,-0.5087940300772894
0.40081382597475995,0.3191829553397594
0.4884755599147278,0.005531161296014857
-0.6352435146241292,-0.7771370762203322
0.3914542678462072,0.2512667113639178
0.9336552068373569,-0.3085460499135587
0.4472860822319079,-0.2602696125661097
-0.08440766090472246,0.5101886994857142
0.4777477575077375,0.1318123571152452
-0.7489513050494657,0.6242621212584054
-0.5187049536106569,-0.03604097015578748
-1.0208397971668268,0.05343640124489818
0.3824984739454889,-0.30560834953334126
-0.4801880731862097,-0.08957924651897851
-0.857905403692636,0.44980221507816415
-0.4798796725886255,0.1922398753968484
0.2568406950795126,-0.4268818514762319
0.22922503699682312,0.43679363158987733
-0.3569528854371775,-0.9228016255686782
0.11636079384771542,0.47367980177604274
-0.08661265110309109,0.978075276054043
-0.6838944720473898,-0.747706380966292
-0.7396592033463391,0.6692812242250017
0.09302253952766022,-0.9979154463258665
-0.9783446453703647,-0.010657139082160722
-0.4290151725122096,0.9330409592659978
-0.7009954427590468,-0.712214713595307
0.40697835808155364,0.25395255843741726
0.30370351562361636,0.39445889983904164
-0.33983444383764294,-0.3418994824840301
0.9689354341196307,0.2188870312850143
0.4351805957121599,-0.17291437893613226
0.19805934536558964,0.4354694699514905
-0.4085017564468805,0.24318061304701788
-0.3921835952732009,-0.3264715754213979
0.34843760102220994,-0.3511112917231313
-0.0816789873717812,-0.9859912223044075
0.3794879912264233,0.3684768511544763
-0.9163933888342539,-0.3919548758371863
-1.0121341894246385,-0.014880052455622014
0.6370334334747139,-0.7535070893175398
0.8136155315532199,0.4888951851901443
-0.2572936538327554,-0.4164520616023772
0.8609366283647195,-0.4191256084616846
0.26412124168700424,0.4250805821374854
0.25707053060881535,0.9597746008764283
-0.3678201812648546,0.36760375740779827
0.6493435768098053,0.7480633386686728
-0.29369235645657626,0.9460781555966783
-0.05186944030684701,0.496661800336795
-0.0818363502897749,0.5149461973828028
0.20202818078589896,-0.4858770067089867
-0.439472696558755,-0.2767278628839201
-0.4407897046293307,-0.22503972930736732
0.46629419396888255,-0.247997836348837
0.9816623533108422,-0.29948238639459196
0.5061166287588234,0.18919571873951144
0.5707241875517519,0.8018108387146528
-0.8399853846941828,0.5148694425771662
-0.8911715270227631,-0.4425275173307247
0.962321464117506,0.28930669943242276
-0.2199304251000829,0.4240402918790837
0.6441343018616333,-0.7260419443501881
-0.8794256447501566,0.4968417929157542
-0.5630446187564044,-0.7871445757584389
0.4146347530424623,0.18608768350064384
0.49098924622144063,0.01598092256397759
0.47745636539167213,0.000271887439062853
-0.7698746063145172,0.6819747853242928
-0.4752703355600151,-0.022531059747408433
-0.3380386685104572,-0.38873718940806445
0.3585135843014699,0.9032013852304228
0.0419587325470533,-0.9743877258003962
-0.2879915850506394,-0.9392717543765906
-0.8931702326430262,-0.4194020130487041
-0.041553793390444585,0.5301759634270801
-0.39348580798849525,-0.3048991782650435
-0.9767323432707747,-0.2667679878565089
-0.06453211340593205,-0.9887793120887194
-0.9674426177954234,0.3017201790236263
-0.4467102818857361,0.22154464919239017
0.14139075494336695,-0.9708918408570588
0.462515887619361,0.9211909583631115
0.23056513705930268,0.43954393028054234
0.20321281600711655,-0.486634177643694
-0.1397960415029243,-1.021674974305899
-0.5337272443610335,-0.8421308704722217
0.3417855858617081,-0.3828260428737881
-0.016034474273900083,0.4941329075086904
-0.8178342017217071,-0.5950437141454529
-0.6417858491302698,0.7596031273251741
0.9970352895701979,-0.10768409370036934
0.08421689929378187,1.020224002228127
0.8312554843588894,0.5271038749943153
-0.013407781453624899,-0.9809366467270038
0.4625540885725651,-0.08819699256603364
-0.3713014660403844,-0.30393345050231135
0.016091910835298207,-0.9858847095217399
0.3061600612643827,0.9613267897817162
0.4611125414292083,0.040295164795732
0.2687218914129833,-0.42184968407726714
0.19832871751402956,-0.4606402119729415
-0.11185465201811282,-0.46597484220605406
-0.30010628902114167,-0.9413822209379044
-0.4657954911450725,-0.16473655557882427
0.44350526504016363,0.26312870486869094
0.1671870963948932,-0.9942964555345577
-0.226516808288732,-0.4631925129483683
-0.6838193488095259,0.7352431766692605
-0.5928057437582132,0.8095603171007693
-0.4319106857151445,-0.24501899154021814
-0.15308947923130722,0.47081175716007334
0.03251524670103048,0.5321424358923862
-0.1931588196529186,-0.4453585504175292
0.015841604825685827,0.9948463738589379
-0.4846948816274543,0.07274393841378586
-0.9711598308367628,0.1593055292185652
0.3719190534276302,-0.29738997264368366
-0.10390587615380828,-0.9679194142066809
-0.7639255175607508,-0.6162809452438722
0.5425904620423699,0.8296324003970902
0.9334045693782876,0.37292514464811405
0.9183880056387334,0.4066671011264688
-0.48170459791745335,-0.00017827897114175081
-0.06567564047418896,-0.9707931942841583
-0.3052176806218064,-0.9470998984787756
-0.8417105839099399,-0.5301543993031993
0.30769137650946626,-0.42880067939277766
0.4321217353555759,0.22526921452601883
-0.2926281585394563,-0.4211974879977274
0.5891647724694963,-0.7834534474764675
0.38631457549446147,0.9158761844079502
-0.33437653805666234,0.39055764395056697
-0.8993811017341147,-0.3480124994739354
-0.45940971760314686,0.8929368780733078
0.022694898486173766,0.5098821872324213
0.4143245096812098,0.2832723897359089
0.3080728075181618,0.34902279831950894
-0.4770572195408448,0.22808947291667775
-0.3072312755841241,0.9411744988536461
0.5322430755472208,-0.8334499257766169
0.45716137288849723,-0.21683681766399476
0.1769458189106214,-0.4605122981935457
-0.3953519190398502,-0.25512079879639804
0.10272074703244115,0.4516331223467142
0.8840689912327782,-0.5111305119512664
0.5031489386553573,0.1004760105112756
-0.4802423360321141,0.019836577911511756
0.0886347760584334,-0.5082427507279436
-0.24750120512960155,-0.9780233816442754
0.5273498155574885,0.016529041567789785
-0.9962900273223867,0.05861216542375855
0.9615030011437418,0.24547661111064792
0.19606876244303126,-0.9608566113577163
0.4403078054103417,-0.164236308733254
0.5019397908324604,-0.8593623205699912
-0.41441993083281015,0.8731904154277449
0.9495824345108307,0.2886543949344523
-0.9709511840325824,-0.020053704072083872
0.5767598131373705,0.8063444836296559
-0.9115379780415326,0.4135811901946777
0.4821557320616914,0.11670249219390971
0.72084141565867,-0.695543353176392
0.028606003796050113,1.0061774162061772
-0.4105630524793702,0.923913859645795
-0.9779375754552366,-0.21226647035130392
0.5081163391039143,-0.009385042658878451
-0.46219849785653555,-0.16886242111672306
-0.26377498636496005,-0.9681291031527038
0.009911495802185217,-0.5282858039751441
0.9038728468506356,0.4356248225265787
0.35363110009857485,0.36543825185526513
0.1379985923788622,-0.9857981040213132
0.3134161056643253,-0.37331415433241616
-0.5041234339554593,0.11361437179812035
0.4278567619285344,0.28049466362614506
-0.2529718833620582,-1.0205387741214609
0.062030896458492184,1.0059582354618373
-0.4906622858472854,0.005859990388255911
-0.7633373049587895,-0.6199130474336929
-0.9375835566526384,-0.36160289631944004
0.3412039578703896,0.32632375366850014
-0.3010881499985135,-0.3878437439203763
0.4978288937697454,0.8713504847047149
0.44999357530230627,-0.8925689181034259
-0.7656518911968455,0.6215078921553754
-0.9386011112838181,0.37450217657006546
-0.03664848966067481,-0.5140956609316092
0.3379575434727993,0.9290002551548212
-0.44485999967353623,0.16617306395656536
0.9252649299115003,-0.4237234046801684
-0.3733519931706861,-0.33901117896234717
-0.9902696883934926,-0.05138640703887655
-0.39443516288318003,0.2930269570681767
-0.2392048650642745,0.49102554539366716
0.4941281679577951,-0.11716711265974099
-0.3042575946017966,-0.30403345364086737
0.4901611558615155,0.1099627950000239
0.6444871987551674,0.7793915378331577
0.48091992478282425,0.16100523172363032
0.5483274037472297,0.8486117468500022
-0.16997268963044979,-0.42334228107568606
0.4159703658250309,-0.30349784227894433
0.727660853021163,0.7405720603617902
0.4847756430812661,-0.09146142616459765
0.8196712924319922,-0.5624381852643335
-0.30832714513536214,0.3883542918088291
-0.4343509835313203,-0.23581231075263226
-0.4993643940354074,-0.04410827094813041
0.9568284773668712,0.3341048016042136
0.5112383729670192,-0.1256918633755268
0.4197527295667252,0.2552365371574955
-0.12928203788449025,-1.0248653805115489
-0.11836937281920538,-0.5059834145482238
-0.23836965988660785,-0.40889102733095706
-0.414218005174484,-0.2745147766896488
-0.5678425819532338,0.8539720685915994
0.6683941850671538,-0.7404430805865045
-0.5089922223333354,-0.11028277169081512
-0.7286319021914432,-0.6573135527243116
0.19001610504307045,-0.4879441987369509
-0.1863425861727251,-0.4728292161997954
-0.20717688699647133,-0.4550349081265538
-0.07830862237661376,0.46468686261089653
-0.19652288475745763,0.9898316664355619
-0.39756331543420154,-0.3116605705690066
-0.4736820207557237,0.1904887494801236
-0.6969688620005892,-0.6902008705099619
-0.7804928426346606,0.5464411289453892
-0.22307878210962695,0.9604808344794983
-0.9422646300492755,0.42378452533006655
-0.08926555322951854,-0.5233167742513636
-0.10974257803820237,0.9726261931043961
0.25223530112514675,0.46146976752780106
0.24897133077576605,-0.41750860290568276
0.8200391069523677,-0.5432821196002224
0.5919605118860486,0.8178618187924305
0.220371611167183,-0.9884799798846396
-0.08918509744301434,-0.48288422255656943
-0.6289520193202854,0.7940114158258758
-0.14826924318040177,-0.4295268991170958
-0.385963213839949,-0.3374215647335002
0.15271193292586724,-0.43775497438823924
-0.9675844666587706,0.24538517040553295
0.4754077541645285,-0.1832677665685127
0.40821977604750287,0.2954781066432189
-0.5070417470728713,0.8681859175120618
-0.46906371610971087,0.19872901361554351
-0.4041930877887341,-0.3287919154093931
0.9029528526734456,-0.46343241521063216
0.5047163530207079,0.13623399457806148
-0.23641360450347668,-0.40493998878390336
0.9902561620192413,0.1406399508214814
-0.3250557649827055,-0.9278836080013896
0.3967954415477756,-0.9255806737529999
-0.9482813414590222,0.2587105891592161
-0.9662572099498763,-0.18458532175358813
-0.3632411361536293,-0.35171067493354263
0.36652610764967813,0.3917927496146391
-0.23103425344839787,0.42157831481115543
-0.8222641731601993,-0.6104897483206906
0.1152550049303189,0.9828079108122815
0.9441137864610883,0.22222396798909172
-0.4875140129083419,-0.09288711656933181
-0.6549185457774961,0.7800989164797822
0.33936938699777197,-0.9733126079751335
-0.4278415517619789,0.29108330335788224
0.5089658157989769,-0.12281457471069064
0.19239946244309727,0.9826649943806142
-1.0384111091610297,0.013793407459725569
0.4655477604657924,0.14792049564688092
-0.39621931097044716,0.23883855372498175
0.5897891972054574,0.8503590389404039
0.4567451686411542,0.15954201678522387
0.2130464523373882,1.00661750597036
-0.4290532580464318,-0.3120738080848564
0.11888571295890368,0.49387204853195643
-0.3153735897097638,-0.3808603914935991
-0.9832259835083446,-0.236028991134216
-0.40978811467319004,-0.38404524901011494
0.8772909168824378,0.5260843540824168
0.4675463398897239,-0.19054756571652953
0.3850011241425533,-0.3511382431806331
0.9020249360214221,-0.4362861624660569
-1.003492158459753,-0.010885733227417543
-0.47464342964895295,0.8833076193590982
-0.5411029894863112,0.005604108260992849
0.457456103993788,0.15104897322431501
-0.8952137144895002,0.4674850138026186
0.7250280231345967,0.6856742841231642
0.6911227330402989,0.6998006786995112
0.39914760013368766,0.32533037075374116
0.776643271383225,0.6805315169744363
1.026683317533739,0.06622285457234574
-0.3186032559122737,0.3256327879282962
0.28942053577900595,-0.4455028036468363
0.03850183374601253,0.4812582289019933
-0.3235917495471088,-0.38658017258661886
0.09642090641534032,-0.990679406194642
0.43294451072696993,0.20489714448922602
0.7173526974908838,-0.6975095208373453
0.46365123535307284,-0.8509161025965546
0.4135663530771909,-0.9222617164224287
-0.3251712028670493,0.9603584174691373
0.4749719013255063,-0.1527298291841954
0.22783793133307362,0.390098401515482
-0.881002727163627,-0.3642121926540671
0.9332571263526012,0.45591098219095205
0.37013552488701357,0.34095988715886016
0.355067880254192,-0.304171320941066
-0.3546735535368837,-0.8969021419151995
0.4761734744024999,-0.1606929957631918
-0.36959426534831125,-0.3380623459276535
0.3901302591632874,-0.29459964145302936
0.9674258554275811,-0.2302574498285015
0.26990576656926984,0.39255655953090296
0.9646741947149162,-0.2596205235638048
1.0283899709416227,0.08162984538115668
-0.9753807684313812,-0.15078634639271862
-0.0961178057728884,1.0112499670335766
-0.7568746114461927,-0.6421147104841873
0.5846265940677217,-0.8195357685167014
-0.9725851236354157,-0.12463414023157575
0.5000336784247477,0.12457518282915295
-0.48365772326757445,-0.17402548583621985
-0.45758503897466457,-0.8676616949331549
0.34246327979190205,0.39094714780061146
-0.020089819488885628,-1.050216736369793
0.5171244745119064,-0.0679839486912539
-0.46431101993682505,-0.11331343792227101
0.9399571755552195,0.27293056396048737
-0.9096633907981034,-0.46525183033613143
0.4872780678935461,-0.07447837076857884
0.4662327951475719,0.21203848589897686
-0.07916254287354618,-0.5016284633967362
0.2586016006693475,-0.9520476482562957
0.29697594826899676,-0.9577587112031052
-0.4911455098635063,-0.17146090170427877
-0.011991811740948953,-0.48304274668868785
-0.016112443750489567,-1.0239498384316623
0.4868136477445405,-0.14628876616563913
0.2473307684583052,0.41753533277085
-0.4827829896628787,-0.14029057279256518
-0.9213464793696413,-0.2928339819808754
0.4909676468468438,-0.16022595568461498
0.8978543081883177,-0.4331369383778457
-0.4509493217660924,-0.9163958257580522
0.19947402033927497,-0.4519532473537088
0.4137389092724271,0.906230370596658
1.0197881250647065,-0.12158802280298578
0.13643225457713498,-0.9831771590887297
-0.20180863946673003,0.493862892554038
0.9801524748569612,-0.10799963796525078
-0.09272814723476172,-0.47793310888799545
0.03253764582874978,0.47058530934162535
0.6355488428286986,-0.7701663637566702
-0.0027300137191939525,0.9941421152693258
-0.49124340937689576,0.04253112603192819
0.011394674796473893,0.5401892601346272
-0.9097168998629284,-0.4963410688328153
-0.06849851252675974,-0.5151367381249319
0.33656508122676065,0.37416343865879936
-0.044935998206855274,0.4867154506526925
0.47254801145250247,-0.21182946267188185
0.9591504563363451,-0.3069134327560441
-0.03655784377109214,0.9802537368786371
-0.954864205155502,-0.41027285295303917
-0.49780694383367474,0.03005841491757556
0.33841124393878014,0.9473263917289458
-0.29967231153280416,-0.3767564401948067
0.704805282100308,-0.7112992914390722
-0.3074226390347991,-0.4140908385925301
0.21025594995565722,-0.9816667020648572
0.7916985561077812,0.5933843922181381
0.45799498210508116,-0.12408380630544917
-0.33582942569255025,-0.3645797999979905
-0.2638899931165862,0.43999343474680286
0.42310098590026396,-0.2511404592251891
-0.49544765871083923,-0.1214114029668927
0.09897522686989076,-0.4801320634373496
-0.27344758547022674,0.44031177458841975
-0.08738439400867141,0.9905210263116588
-0.49541455148734537,0.850654657250296
0.29740642415166746,-0.3879338121640227
0.16304598581809135,-0.5038224699623225
-0.16628962776049278,0.4963514570644353
0.938826269866997,0.39877057732244514
-0.1434291886188395,0.497020167468924
-0.503323430899394,0.10338867269128466
0.3161956263840267,0.41523816539042435
-0.9726916522635656,-0.2708177803172462
0.1925490592983472,0.4540385296556658
0.34470312319766755,0.38134418555159066
-0.5092085678674754,-0.11781809618661335
0.4665548555727701,-0.27256148261091484
0.7141445343764018,-0.674954988906193
0.8778526612044955,-0.4651429462196327
0.42416485945700433,0.9183560042414903
-0.5180850970434396,-0.07721831259227128
0.23529398256861322,0.9396848565416528
-0.3440338940416171,0.36747579540350656
-0.34980188492843034,0.3772710471221607
0.3200655710118228,-0.36993951955725424
0.22138680525762908,0.43828179394407046
0.38428090035175794,-0.27418062432264556
0.400109857098081,0.27801499150117037
0.36506692710826355,-0.34075647097998185
-0.4561934254806913,0.17435023377108777
0.40916215447630294,-0.29374528302392305
0.383575976091758,-0.9309359906144077
-0.9358596858690867,-0.28541413588533593
-0.9260318072015834,0.3376552056454044
-0.3004176982884336,-0.40454286463003325
-0.7894574316836447,0.5945092723833443
0.3073983306803458,-0.37361911378991525
-0.7703842258171891,0.6512393957763272
0.5755862445809296,0.8170811756502062
-0.41579267676224757,0.25558795365032927
-0.14911621844490136,0.9866459992406625
0.9812182072176474,0.28549192876719154
0.9307714343220272,0.4119259180987268
0.4638437923487605,0.1714152528605485
0.28310767153750555,-0.4158200961903321
-0.2651533409958727,-0.4448944908367633
-0.7629474401296742,-0.6928644897837536
-0.9413513744329162,-0.4007227764750303
-0.9354490448141892,-0.31781171638744243
-0.0618556378188352,-0.515250642684427
-0.3826149682695826,-0.9446476297082697
-0.9776563399052195,0.22798209568601263
0.018259579801681546,0.489878142711014
0.9090826154786019,0.40814709021913537
1.0345783305870955,-0.0758038970824697
0.8083239246255467,-0.6459473773652099
0.6127379799427661,0.7574941804213876
0.03435617163830146,0.5270401893204109
-0.9613535517629058,0.3154166654332441
0.3047851078953592,-0.4620341278427907
0.714702004120851,0.6728392344884712
-0.6872763065193167,-0.6962361919235647
1.012359656627407,-0.11080691825397156
-0.26833713368933365,-0.4503389659623115
-0.40665281127430974,-0.21328456662202186
0.9444343801653063,0.2103544870957951
-0.12672116405983005,0.4690557213886597
-0.5762842764966934,0.8413627188969659
1.0084312989919115,-0.07467050047006474
0.35089933187775174,-0.9510657311143271
0.31692634510951595,-0.9313160751300894
0.83216011788888,-0.602429428208777
-0.45129606369034575,0.8851310231014279
-0.9950184753289035,-0.04591129719581857
-0.4332215857885189,0.899005811685636
0.2974310537387063,-0.3716796908131498
0.27850226790994526,0.3967444003668965
0.7360116733323552,0.6859494499517775
0.06334680348412168,0.4869640639782211
0.1257261012096292,-0.47890832564341207
-0.30726256834408416,-0.9614850240303624
-0.11030234251365856,-0.969784464149495
0.6549543272816423,0.7370651946294873
-0.9108565903161766,0.41459920901609093
-0.4993278893370309,-0.13745155273086207
-0.1152652802305721,0.4649227492826964
0.46466815016275653,-0.1836619766664748
-0.17496450148049908,0.4671703133173368
0.4819916761553,0.016410966126099512
0.5161945024144406,0.1713314159760493
0.15967771985584053,0.43057881995747377
0.93277517663103,0.31913274291530525
0.5101205798189643,-0.12906611079132796
-0.19194448094553834,-0.4375243156159065
0.10959802676728506,-0.49844466352611744
-0.9032683431152674,-0.41222736406972094
0.48000323830984093,-0.8978374660081657
0.9746481953412616,0.23459623752688366
-0.1471720626108714,-0.989255507422323
0.19051444307345317,-0.4962449001843588
0.7241722738290396,-0.7046493909276377
0.9982083941738615,-0.18204221030157602
0.1225486038781428,-0.5008274793414312
-0.3913397269751265,0.23184167266123068
-0.29606070062334106,0.9379505668710854
-0.9727514316234549,0.10129344024146067
0.9940262319666154,0.11659939429474711
-0.4844256774609706,-0.08781175063445497
-0.5195320815133039,0.07459158706316617
-0.5536039351548533,0.8309570362877169
0.25283258731496605,-0.43139785609794495
-0.987274981312184,0.052398742183403804
-0.0492023138125015,-0.4866247987877814
0.4438006342312997,-0.1842183710921599
-0.1085628197931126,0.49817053264056693
0.025608961629620862,-0.5333470703442289
-0.16111569257764113,0.45521067884610444
-0.6466450749258215,0.7585429185680691
0.016045348148991265,0.5259279135526624
0.4196048240867765,-0.3174058175917482
-0.1853830666638914,0.4671023991848592
0.8552299839808278,0.5409264112323777
0.5454954548053628,-0.014281642598771273
-0.5559477755894939,-0.8640087852588444
0.08236100549898412,-1.0066602085072975
0.8710914451020175,-0.5389510263970989
-0.42709895287431676,-0.301758735963421
0.0770400964734453,-0.5025713113139975
-0.9431002478415551,0.31910862777589244
-0.4007314594684749,0.3306549309286916
0.16107759084500284,0.4724019646726025
-0.1547638174695355,0.4551777677624233
0.4763696207063614,0.1600487388423008
-0.11357057992029493,-0.43965913536065326
-0.4800287936692938,0.15175528724020992
0.15496790031793647,0.9922233269017698
-0.31077489721259954,-0.9573016210667392
0.36857205528671827,0.3736775193758368
0.48744432925692166,-0.8743023631980138
0.5029081583994284,0.02399075296496468
-0.736735663614249,-0.6822152289660053
1.0157871712857227,0.14976072591057574
0.4336080399590653,0.20509276383397146
-0.2640761780149726,-0.4122730560061478
0.9421265597808787,0.39704981181587023
-0.832540696779286,-0.5599072930615295
-0.9355849888127895,-0.22859309571713435
0.8240032857135602,0.5384261100888347
0.07065038916273611,-1.0053522195552804
0.06722786402581422,-0.4700111697606516
-0.01494337805045582,-0.5009050358519976
-0.29598625358466124,-0.4015709982360427
-0.8219658605706067,0.5880893774640348
0.9584162961348737,0.24103980351848922
-0.5040904834317895,0.11454708846811208
0.2998655478033878,0.4082661792274565
0.6403220644121377,-0.7478142914685396
-0.4694091007454234,-0.8859886046990555
0.7452151086415001,0.6729146162772459
-0.1500982806480094,-0.45631065825208295
-0.8794212607645874,0.455896215569905
0.18032444000099979,0.9637307422382169
-0.7209758915688865,-0.730243220894714
0.1239518815998676,0.48296711938665615
0.38986118280678567,-0.2698571595903453
0.9482408181868227,-0.41627414650159966
-0.7409493458342811,0.6773849849619852
-0.1076333357115664,-0.46571857934034583
0.5052415369225485,-0.04488071794093918
-0.4891549164256507,-0.03556794586654775
-0.12128649365749157,0.501209327488872
0.07241004907210616,-0.5150970422205992
0.06746027546938933,-0.4565785976935641
0.3839624953692907,-0.3811635293764784
0.3326491669360335,0.9220985252889126
0.4849529486443098,0.0988581179939073
-0.11112256444495074,-0.4561740075247285
0.7363752736894096,0.6235770238188653
0.20505667643999576,-0.43584803258134397
0.288280630959662,0.41950098994959895
0.35128550939590353,0.3423052021536257
-0.15593102463970762,0.5014695337763049
-0.5089470143261859,0.8752772171840184
0.14074135244402386,0.43924248090962925
-0.955318027681865,-0.30170287516350414
-0.05546914000444167,-0.524256727623477
-0.9839120652335482,0.11290168830281645
0.5147992132098831,0.07478352542831444
-0.7303875073361188,-0.6723144464870469
0.5207951664200393,0.07977124795781738
-0.7959868576296764,0.6250064132828714
0.21873837821569425,-0.442645361111834
-0.02774591044623318,0.4974425291164619
-0.5432729469915684,-0.829223394669328
0.2886509663733278,-0.4249875449513868
-1.0317101812165703,0.08387989181869906
0.039800664919478056,-0.4697606338562537
0.5961635119417732,-0.7809716606977484
-0.45079287233818255,-0.28753504625148285
0.40769404298911055,-0.335785766470513
-0.48637270972950203,0.05802215236154109
0.9734282440154901,0.11071847034151244
0.825904582212521,-0.578845779730317
0.16119407564305094,-0.4667050815594263
0.9628927318639012,0.07613739383113338
-0.2372395928682155,-0.4094398016782339
0.9558957313440494,0.20640805523204642
0.5837374127827817,-0.8064701489106492
0.19582809532445583,0.47371589262394737
0.31818320579503434,0.9161705657271126
0.9744809463899906,-0.30554117096228933
0.4630224845589647,0.15913733505964311
-0.21473385913142176,-0.9987253137431126
0.9977806890931016,-0.23979225992254644
-0.4083268334761882,-0.23080728614413226
0.6733970905048133,0.7110063825791645
-0.2304948555148548,-0.9210239307693512
0.9269433156435074,0.3669790228029602
-0.35565261682856597,-0.9322234922847463
0.5088984795388619,-0.06045509883464677
0.06068732262946355,0.5315070069981758
-1.0148898947911924,0.05900110717683499
-0.43714093874723425,0.16976590488012253
0.01001482136786892,0.4845116144687539
0.02175322406046469,0.500948852760916
0.50544456099261,0.015398397376147626
0.8798672252767921,-0.47555171724534484
0.47850543603247464,-0.07526872291298117
0.849601971009327,-0.5158057333304517
-0.3205443614164544,-0.9324126570471946
-0.8915757936907142,-0.4417881662713538
0.4719634945997514,0.21813951457792125
0.9527645722304708,-0.35729452140919593
0.23924240560647814,0.42514834015548747
-0.10432260982653939,0.4502699950768676
-0.03069284245458812,0.9813977088542286
-0.24987568809870717,-0.4435621631765894
0.1505812855520531,0.45490567930929315
-0.351644968162028,0.894719639679403
0.5030531183868862,-0.04073616726786086
-0.18098901543652124,0.4601782282691279
-0.6800340433403445,-0.7633689892344804
0.17479985040502136,0.4548432116729807
0.43882921620419973,0.2663477321514924
-0.3275556523310377,-0.3299639764703175
0.4413064058741835,0.2174323435954282
0.4590776638387064,0.16299690023452518
0.03586229768817278,-0.5036969262387437
-0.9916525810859294,-0.1562226163163394
-0.5087928494485571,-0.10517056015264911
0.758399676527682,-0.6694412278544533
-0.43178910892657774,0.22084752639516503
-0.3716190193279607,-0.9008386796938574
0.05108964543479837,0.47703763427345
-0.06692007042051085,0.5234668020080033
0.38614384016349435,-0.29692053684420217
-1.0100669094044052,0.0005819135668031928
-0.8283033552533645,-0.5702777518624959
-0.46769357390241123,-0.19861691319965724
0.4796268628048509,0.07174671663134231
0.748561339068069,0.6553214136876145
-0.17878288072095336,-0.45833857563913644
0.46097869968919464,0.2127926917647659
-0.9923439453563074,-0.17849081035285097
0.24005255193292022,0.41987252061412383
-0.5088815830148752,0.05863376972637478
-0.9584249222822058,0.32671796116650453
0.8314950563266302,0.5783688422249419
-0.01532156362063616,-1.0087855233174574
-0.7058888678007504,0.7243702287519204
-0.22559952679753686,-0.46907150523472435
-0.5652286989281596,-0.833137604784023
0.32835873839868934,0.3951509562243154
0.19841917603739956,-0.43140300732765474
1.0070973647830745,0.04207550359232357
0.7208009627465053,0.6860597631165859
-0.45861031057212087,0.26125455839384876
0.484105243336115,-0.17953123981234473
0.913858709616876,0.29380441037698996
-0.9756261817553231,0.15289932296530656
-0.9336057999921293,-0.2929065473013042
0.4005977398390182,-0.9385887866567674
-0.41074700029103206,0.2901730247373702
0.8811541136019836,-0.49265597290495605
-0.5778322302059543,-0.7750470528944029
-0.8023817524605222,0.564961667676114
-0.007017051422427783,-0.5047816779888963
0.32445993574933,0.36367650264703133
-0.23659991996234644,-0.9749323250713308
-0.09149509520971866,0.48228034197075526
-0.4909507541221885,0.09601194471839343
-0.7920272122251611,-0.5711474054234614
0.4065802170539991,-0.9367860626200752
0.5144042217479223,0.8921940531568717
0.9088579373421876,0.4022761195724083
0.7390338039545795,-0.7156283563251634
-0.07106420355701534,0.5127755690857562
-0.44974350213405506,0.334279807116941
0.9326403751855905,0.290232512868578
0.0772670930085622,0.48877775556895886
-0.31170653311753455,0.3766908450084743
0.5379723212098589,0.01977395419629964
-0.5171419142609228,-0.00966345078433721
-0.49814734751966483,-0.07690300791933453
-0.21726746295268146,-0.9712304287034653
0.41702356658344936,-0.2768534293408671
-0.9499663279933834,-0.42022752619350595
0.1690445220327301,-0.4565866460627605
-0.9933197524349188,0.16869466005355577
0.4777788137281502,0.0951543920774163
-0.24270682653886647,-0.44516757481158625
-0.2655350746548468,0.9147077037513655
-0.4554688178989896,0.26372056223523843
0.08365539904729556,0.4979675623154315
0.7595363770965803,-0.6436210986269449
-0.8655006357823614,0.49163931709451586
-0.48627052862707426,-0.07005836578943805
-0.3065100636452735,0.9729370425685888
-0.9826053786084817,-0.14067893201578355
-0.11304108699304438,-0.4696441913148488
-0.9467492925197916,-0.33567343413959977
-0.26602023322324375,0.4020553092291198
0.9690646857722326,-0.4185685681249385
-0.3642909205828556,0.3387222562889582
-0.2627345106931297,-0.39423180769572935
-0.22272171068628868,-0.4227247110278022
-0.3117712424894792,0.9584509772744382
0.41888296572604755,0.9216296286588841
0.18904405317189793,-0.9691561020134187
-0.4886274091572943,-0.06935067674743593
0.11053515520593579,0.4984455955419458
0.33874163889979586,0.9320008189198135
0.12684920573741842,-0.492082020573727
0.7624069857981431,-0.6039606811446219
-0.6814105097862411,0.7263464137798614
0.2413568067375671,-0.4583640633623365
0.3299496412491392,-0.341314115939505
0.964452709597004,-0.1984022515035963
-0.1049195539335156,0.9820046346115682
-0.22353236595042114,0.43801256967532853
-0.9037092860312994,-0.49821376466915285
0.241954641500193,0.9754300249257876
-0.9577901087577501,-0.0879283629422387
-0.4299030980533065,-0.2746284839163466
0.38993291709087047,-0.8887485162678811
0.9108395677127836,0.32171072736044004
-0.20767792277427008,0.46305277562858255
0.4254470831564729,0.29854501220831675
0.4457144538162009,-0.22600255844459108
-0.12074239091621503,-0.5176529820364877
-0.1571597703821776,-0.5285601233883811
-0.8173574050909979,0.5837169530203034
0.2190096538164484,0.4752890830819645
-0.4458290497443251,0.24570715791936198
-0.49665842757189094,-0.01714048984472492
-0.36048689370410775,-0.9069746622600109
0.9348573647701677,-0.3651550438141311
0.7952091848471198,-0.5811749372696872
-0.128297734370529,-0.4653064505371471
1.003133931558564,0.03075738272223992
0.2923863972766614,0.9796367324677477
-0.02228127399009916,0.5130011395413114
0.25103334556948004,-0.9300648946235137
-0.9689546686960806,0.127357531461924
0.005354822206722006,0.999915230134717
-0.16424215896644942,-0.97971488153565
-0.9834516878443741,0.2241655118806917
-0.517775201917452,0.05805421821025504
0.05213580149257133,-0.4947956588309301
-0.037425689139884144,0.4668761179995931
-0.390663394039552,-0.9360810142951741
-0.8742844877360371,0.4418949340193395
0.9763498429524609,0.23156111688640782
0.8639997832630147,-0.4872063619243685
0.15836247618613802,-0.4978749833203099
-0.17092669693336726,-0.4597887073446547
-0.9834509529466754,-0.2329616838787125
0.7486742683377738,-0.636082950184778
-0.1413260622150914,0.47885147748400336
0.0033551142310926266,1.01302177045116
-0.5454486346283267,-0.8331334615218221
-0.48437734373285857,-0.19872003729611593
0.44680354402508016,0.1528350713922809
0.8508687805392275,-0.5689267619062418
-0.736481428966792,-0.6895935674208974
0.8974068792823363,0.4405908716066723
0.7328758730808574,-0.6807265368152222
-0.146088943200672,-0.9788453426495739
0.4930581150908862,0.10727939962333706
-0.32246709690446307,0.9472078109180505
-0.4396817244106517,0.9079856756841373
-0.927806954248744,0.41272233210779397
-0.9904710396979761,-0.18459042097931477
0.3465162720812862,0.3667569190019173
-0.4649735419098806,0.2155490768795224
0.5137788255133843,-0.08693232199239802
0.11027540470767729,0.4730560285108004
0.06451839903622762,-0.4806133594307492
0.4082442880085123,0.8812337986465029
-0.512118529672015,0.10782882496147891
-0.9653102865467268,-0.22646426650800455
-0.4748400498372484,-0.14303920758555827
0.2876614883507512,0.4177965289460852
-0.4525554933627589,-0.18803753794878036
-0.13438803553035944,0.4656232091060554
-0.472187141934067,0.20162713602377413
-0.37842436184813855,0.3058663431785781
0.43453884898727735,0.8932041485525305
-0.759446702391278,-0.6642628969402176
-0.2291078263814423,0.43165200777950913
-0.03251610513863316,-0.5280602971598942
-0.09731698784112267,0.4734538908579421
-0.48362929645197456,0.14778552192950697
0.589492453823468,0.7859100258837696
0.012419398844528839,0.4902038776580411
-0.5658664482531996,-0.8385874445261414
0.644798334578467,0.7869359652692574
-0.4579673295170456,0.20441141195365617
-0.17900563510524403,-0.4386869474433363
0.5446622591751231,0.10574018099784058
0.605838755029557,0.8309069607044329
0.894442971001081,-0.44198602221333055
0.7916938508639106,0.6068884203029001
0.7823529553430242,0.649529212204574
0.8202306680900452,0.5538537590677406
0.4689834265675492,0.07750670116165957
0.9160273443532092,-0.4553649848578605
0.8435405900067625,-0.461464054160911
0.2567316492653941,-0.42940169624940855
0.04230088780994938,0.5343037214772949
0.4769799812566535,-0.1982711555889054
-0.4667057907296745,-0.8811042980577786
0.05446250718054948,0.5345004624322687
0.27300083775927475,-0.9788816540501277
-0.8527918213838505,0.49651405441809754
0.5457180294256432,-0.8115608776713549
0.9643450807925051,0.3323409814218929
0.3513350024870298,-0.9313140219143831
0.1437691607013558,0.4962840427144193
0.4795165002574023,-0.22198978843810238
0.8815624435182156,0.5361857184845062
0.9601051870412575,0.1334490365607353
0.026946146146760823,0.9988605485661934
-0.3285517703284612,-0.35609713353450806
-0.3420145681411126,0.3886178955090573
0.10564770312722374,-0.45873489660085126
-0.24634588329364981,0.9183981046291656
0.21337307400966318,-1.0076587438978455
0.38722711169650037,-0.9279628933474962
-0.42218350063705645,0.2440987469727587
0.9067926766339081,0.41939277687527504
0.0718894569913418,-0.45801876699349026
-0.4883504935843973,0.08056836324523108
0.15640998351511032,0.5164797518022575
0.16367310119718187,-0.498153807990462
0.7182247654952895,-0.7446457754098308
0.3600032232853853,0.3319909569953207
0.997516551830107,0.1717636111365786
-0.5389311043949515,0.03330474451661154
0.22073895345698055,-0.45342683500665265
0.9915088346586581,-0.1535066645510953
0.5557006230452157,-0.8043305100067261
0.42202280616099724,-0.22963077273021154
0.16413946201256838,0.42639269936931856
-0.3710215455430227,0.3542874283572538
-0.3272227848338861,-0.38225981879421295
0.35148595115161063,0.3843067591743219
-0.5170809808308011,-0.8463832166143832
0.9889512832317553,-0.16731689597944865
-0.2650583918373309,-0.9727606898033928
-0.8370370493581115,0.5564175428167236
0.4676390153461108,0.15563341765182015
-0.13397941912595213,0.5108095704657185
0.18519585659780793,0.49120134457904563
-0.9994804309585607,-0.11450778053294654
-0.8591766323741273,0.5307435554631758
0.04396698445767996,0.9710045759708554
0.9622004467007857,0.25133757126880174
0.5767879389678825,-0.8334077588147126
-0.412899120006695,0.3307317172591714
-0.057074958368904964,-0.47974081560351073
0.2036892331501439,0.45316967351488585
0.48440896839543707,0.024077587603596937
0.508685432186326,-0.07705845979606298
-0.4386077067610494,-0.01070922761554272
0.9588435376884525,0.13984975915339926
-0.8514880283649138,0.4841580831714981
0.020794451456315848,-0.9920303951417989
-0.9776372066224822,-0.027614092125357148
0.7903847647243988,-0.5872359109800666
0.3166558262044992,-0.4279051574146227
-0.7723391184864643,-0.6113392288083186
0.2344160455953935,1.0132265900661737
-0.0297702016937178,0.46945400759477457
0.47791304390586714,0.08680822794970679
-0.37998360062919806,0.917756340877928
0.8376339068018692,-0.48585891403479153
0.46960615562222013,-0.24511684517782076
-0.9509280244064721,0.41983070631425384
-0.3644890180011797,-0.9067866395989388
0.3930400959524696,-0.37023781736594635
-0.3471625815407008,0.3352006115201802
-0.03424983320262239,-0.5271746617112134
-0.44602864078034293,-0.2350258018814781
0.21086259557295384,-0.986984423638299
-0.9535100000244892,0.28740270772218474
0.9561109170075762,-0.31024939415177044
0.3451299652798994,-0.9944477334832835
-0.9733864372131374,0.15083787136975907
-0.8978172230004616,-0.3278593633821719
-1.0157333738695287,-0.130053432538247
-0.474528025047277,0.10975470407713313
0.3900970979877853,-0.2664933774368296
-0.06628635450005627,-0.49468983863959254
-0.16649258240207104,0.9770712746942347
-0.051980312774691353,-0.973039852332272
-0.3557987977022105,-0.37411417624560456
0.41483153906880976,0.26677365333949055
0.33444733166822493,-0.40641647871603803
-0.5058369635917225,0.02441011503771328
-0.4261920591965563,-0.21022622439776928
-0.17089200102103647,-0.4668124903046179
0.4396827785619372,0.30469430815917253
0.16812280487481837,0.4694682704286822
-0.08889973308235398,-0.4984382645911549
-0.10895826903566709,0.4753260755269758
1.0112945950093917,0.1235890511753496
-0.3921916730952872,-0.3391278234342853
-0.1405274597528642,0.5042503901294677
-0.7388708872909494,-0.6699172787844506
0.658783271867763,-0.7426986901699825
0.916381220082492,-0.45947171446407753
0.2967434208546458,0.3988710189686656
0.03561200871359385,-0.5151351896886519
0.3749036556462619,0.3443875754774461
0.2938473594912004,0.9720412676113347
-0.4907913874908416,-0.006888853990858351
-0.5287884780037911,-0.030456873286953734
-0.5804905744495147,0.7881657499090209
0.1411221880589282,-0.4882839379616315
-0.338210658068979,-0.9456152434580499
0.3880994729700091,0.30443296735304826
-0.8111906221891101,0.6225912858332706
-0.8557544711763084,-0.5338423801134612
-0.026236503498546143,0.954978608632519
0.8553696807777935,0.5549367632385067
0.3220846906084165,-0.9071121579280731
-0.5228037195000845,0.8796217616582306
-0.05400990571461411,0.47954091097868706
-0.932889257816953,0.28729546868826084
0.48874699240489594,-0.24924799424007313
0.28429489390117635,-0.9714839167795029
-0.9340531736782288,0.35403875527330214
0.2726017223375764,-0.4166592895088629
0.9612673998370251,-0.3034487312586106
0.08427804173377033,-0.47744276372314576
0.9443978706879631,-0.32928760113935124
-0.7465714293547612,0.64084601124671
0.3334015063706533,-0.37391495798356233
0.30189249838446247,-0.3956555795442103
-0.7525819229914128,0.6617748607370332
-0.7931529258292721,-0.6364284562534763
0.8014446406571151,0.6352120443919055
-0.9137828207505435,0.4543432550563761
-0.5403988648547182,0.06698321502113361
0.5236477738217533,0.05112395284662289
1.0087805125267653,-0.053537404316226535
-0.2971904914137389,-0.9815126522357717
-0.4737104821546985,-0.1207061577871236
-0.9084428524054757,0.3881846852303513
-0.3668170437595452,0.36482252469189935
0.7054752724345619,0.7123520592847473
-0.5741803621932285,0.7506382402283082
0.3943983634559506,0.9492862916920353
0.5542285014597589,-0.8540081498870981
-0.8849025318906591,0.5203617606395506
0.40751202737566855,-0.32772669228468937
0.8645135452499091,0.4527103729469828
0.04174359717431582,-0.4850749519286336
-0.0480475764170821,0.49951854221944947
-0.46502219997627897,-0.9087263792166816
0.3046741494427349,0.37706960326631794
-0.9801767643280435,-0.03546314849611541
-0.5154489100924359,-0.06812200436367273
0.060635026995956944,0.48073455020391936
-0.9383818388969406,-0.4442180094762269
-0.6895835526634967,0.7437984311087312
-0.8365651926367749,-0.5574128473603776
0.2887313681960415,0.42940574507100304
-0.25819113407820926,-0.42869467243836584
-0.40492529575507136,0.31430102935026427
-0.18700904908579283,-0.45225471328312533
-0.8946279757596242,0.38248321175424516
-0.24984251595165038,0.442299190114325
0.8322892558369268,0.49582987826509983
-0.3197356239018064,-0.42576855143551684
0.2414745348866229,-1.0147528082788595
-0.380775584758607,0.9218244954982125
-0.7194415706634222,-0.7053263569232748
-0.45355330177512376,-0.20574668246525654
-0.14805802207777807,0.47584770499456913
-0.8110754469159627,-0.5141753414398484
-1.014675752534187,-0.20289105165296079
0.36887607352203455,-0.30802010682236214
-0.012275395574242835,-0.9871291569969248
0.9656841428974998,-0.1690694634005033
0.4959555332994689,-0.056723731709840824
0.4908185273793404,0.11626433186655602
-0.2698143738691514,-0.9945409783406797
-0.3677750817316686,0.8735756144754883
0.4667520421301762,-0.020679627845478034
-0.2081482928108377,0.9582387257827706
-0.9308617804964223,0.31545609370472544
0.07471769598073441,0.5342944089541652
-0.7255575482654877,-0.6881723812041467
0.27772036006760803,0.95936840285664
-0.46887387814578957,0.21307019619569573
0.19251530194764574,-0.9693788712912467
-0.11426348246682123,0.49019643405111424
0.23141580213665403,0.445502898436675
0.3956774968181531,-0.2158008072354291
-0.9680172760614236,-0.05400511728830393
0.23948065518364953,-0.43161316304115654
0.39992433997378557,-0.35591872724242546
-0.9802916589142838,0.20082993902774615
0.23433508254540839,-0.415045640673967
-0.779749164888441,0.6688082796197949
0.3012706702485204,0.9388507816608354
-0.3462648998161558,-0.3788923162616489
0.3899812986534923,0.30973523320378227
-0.0032177860983476124,0.5291319956115567
0.47452129482728983,0.009122682008511056
0.13785558459554706,-0.47309216517581787
0.008283144774288455,0.5123359785350722
-0.6287975233232469,-0.7572577289338066
-0.3066192696603228,-0.3811129823649848
0.11914776212434942,-0.5245423513619618
-0.3126985449812683,0.4358360152805166
-0.12934879068422325,-0.9859580559029264
0.5576976204094117,0.84601814833459
0.9970849390941993,0.13147282397809512
-0.1375819037749955,-0.49256787700756244
-0.22431086780351722,-0.49408492403517135
0.36584704105872495,0.33780377476640505
-0.21110622032043647,0.4871260275017636
-0.4031808231907528,0.2835834346283444
0.9443489501365536,0.33239682059248876
-0.4163950408744692,-0.3293049593033949
0.10824589194920026,0.5387907881669539
0.5870393227262892,-0.7922978010909048
-0.4878312547444813,0.17740760780346984
-0.46025891110146194,0.12278256285597143
0.5988719387346394,0.7959794257636342
0.8055676555355468,0.5728369198266586
0.23557574992208027,-0.9468479654126232
-0.9907561209643635,0.09866747958631289
-0.9416090703919948,-0.24431949879473305
-0.37537798822865925,0.3239973046761798
-0.06186848860208019,0.49602861487774375
-0.4296056967932222,0.2080621421293958
0.13441179463266922,0.49426676549322945
0.4585945143879616,0.20354795784019233
-0.20515872328650336,0.9576673274795978
-0.956490740813558,-0.3136984010927941
-0.34446885703749575,0.40394774046047033
-0.5141536520565437,0.8147185104729069
0.7192121810396073,-0.6675500977260407
-0.45149693921273,-0.18130648180506537
-0.8487271575028369,0.4898021737091307
-0.395369779518704,0.3073616085499694
-0.8847817701377693,0.5190711190093468
0.674921182820534,-0.6646409461163538
0.38248191537608045,0.9118928875335628
0.524728927362613,0.08117282837637899
-0.41948154631374923,-0.23176582964077952
0.39789492255634895,-0.2853356180429659
-0.3900803829630991,-0.32100256487695483
0.8345436032461252,-0.5248809790891487
0.6383080271591703,-0.7804501873392706
0.9865097339450888,-0.09507857713686149
0.02366073681069203,-0.501233489658606
0.9986619824310614,-0.08318327400684185
0.9416910350041712,-0.34373566920916226
0.4164798985065153,0.26222335716326095
-1.0340459984498038,0.11255414625075238
0.9103617966145515,-0.39330834424752975
0.25386861220196116,-0.4351174327227632
0.9798206946478695,-0.18376190252287694
-0.181759188211516,0.9648913069581609
0.6364882512639879,0.7930761362169941
-0.41800505974099955,-0.8857648717238841
-0.7786855823714205,0.5747496444139653
-0.9155740252897533,0.40430338875556027
0.9410751007866668,-0.3190284943101333
0.4121626629770174,-0.25721303875727336
0.010846861701523759,-0.9781145501516273
0.794044140583898,0.6275720014147311
0.967353330780023,-0.18299327793617484
0.46013586684844,0.18689785014152743
-0.9933016985162015,0.31449395693022136
-0.49071082191451076,0.18583844880216924
0.12758556700327986,0.4563998112684075
-0.17942807283260234,0.4814017498483349
-0.3019516850709821,0.4266637018831227
0.5000888773702276,-0.8425896141935385
-0.6946905345331309,-0.7012801193992992
-0.6121095609474226,0.8037610649815149
-0.8501577868853204,-0.5326375248730891
-0.07356458711399784,-0.4844637427552855
0.4915330818859232,-0.8591947744249715
0.32577210660810235,0.3604438188792393
-0.04598627332903721,0.9916553963326629
-0.03150987237969386,0.9841383246832434
0.1921087096583734,0.4277025550705201
0.31406347776280136,0.9421484288903774
0.3591892162704442,0.331547280279624
1.001271388943525,-0.0027477371765956757
-0.04025880068526873,-0.4724868527197817
0.06025993869929473,-0.9715961931250418
-0.8029507568125633,0.6055365208079795
0.8905274065048563,0.4746422772189757
-0.19908612334308398,-0.9415675342664329
-0.9483330970471235,0.2501237342928159
-0.9548779651118909,-0.30416556242926873
0.05258679786595281,-0.9849299845991403
0.396185190424478,0.2700069371375521
0.5921043142079032,-0.8138521965378439
-0.02523946229503854,-0.5033282097552682
0.2610376772462294,0.9794531667543083
-1.0045651422375952,-0.19082887744635962
-0.3722470575738334,0.3261822078262614
-0.443332187403225,0.2678827206892644
0.2401209582449249,-0.4852517276307586
0.4605236782560698,-0.06378562168175762
-0.4313035497993388,-0.2933506885646692
0.17852432527320783,0.9929103873744527
0.24354365956422153,0.421016915616672
0.3497534319689201,-0.3388224514322199
0.6686036335977448,-0.7327191660151025
0.04104229620857575,-0.5211839937697632
0.4756118091472318,-0.17602078292045695
0.38952138550159654,0.3010784643006863
0.19231504823606027,0.98050429668459
-0.3596489365398845,-0.39852006868880696
0.46522314451981334,-0.9449881768624766
0.14982314827291396,1.0163668047084404
0.23950857571538045,0.4532794802444831
-0.3833097344441808,-0.3009562404963077
-0.3828801492100443,0.9075161126001213
-0.9700898776590233,-0.28007835890928345
-0.8721953070438473,0.4587620004640848
0.4731704979963441,-0.16759995312908943
-0.48388089344441443,0.14066835255217508
0.1406639372269678,-0.4714797857173142
0.9525849685890404,0.3162133672508945
0.1776563729621041,0.9741536804080564
-0.290232403377791,0.3835337985793365
0.412041250758819,-0.27864438015815113
0.22754839525630097,0.430555182384157
-0.3829588289072672,-0.31785010849681844
1.0065150345024392,-0.03670094319471439
-0.8292469448460454,-0.5763731476288689
-0.48973826882046106,0.045760327863103786
0.1372114609355857,-0.9811265508671164
0.3067860669689004,0.4514956745125923
0.09920423763216922,-1.0071380868343602
-0.48609469263940225,-0.8668726837765605
-0.3548936111506014,-0.35230949627792607
0.5213224771399257,-0.8783212663184193
-0.10504254116942346,-0.5123581180814697
0.3305836261291648,-0.9347620934928381
0.2090858829656401,0.4521465936952707
0.5775339258555879,-0.8269412150732197
0.031148264646942158,1.0068072696685193
-0.44469121772985976,0.22624405435057277
-0.3772606957336212,-0.30654324518717235
0.7037552670405512,0.695044781961092
0.3133506524532264,-0.3688691010454712
-0.3996753286241663,0.2742343132684543
0.07570346595989255,0.4994561611448332
0.5599726695952423,-0.8182369725635859
-0.4083830483415389,-0.2936267163224291
0.4962565019369288,0.005013478558101471
0.02878307127381563,1.010907083167427
-0.21760709103960624,0.5045700763209618
0.9527289950395981,0.2522082254535247
0.2617898070899626,-0.3956316224405139
0.995383026680461,0.33880390332321175
-0.2046876911079541,-0.46319676902879886
-0.16430330893482228,1.0158437641189517
-0.22021532844806144,0.9897868937370324
0.45055965134967735,-0.8896717806313115
0.4882388614569845,0.10954347175894655
-0.06854899008052599,-0.47324551836644135
-0.3952280517797775,-0.31866639794835666
0.9534677593551314,-0.3330594928091289
-0.414783108242542,-0.2731621340014687
0.22387159347899602,-0.40845063150189764
-0.835934834646354,0.5134784988614907
0.46395951651630307,-0.07577343475429157
-0.48420726094978817,-0.13401568098228486
-0.13012346302274477,-0.4837987531443634
-0.4557098916809308,0.22008945435145605
-0.46013019843646624,-0.22404247248189021
-0.2110999814955512,0.45645143206898736
0.2210989801492048,-0.44990758538584236
-0.5348643382070668,-0.8636712394484289
-0.46940772217603666,0.19013414691134803
0.3585244878842263,-0.37189740333663657
0.40228209457482494,-0.25165431252094034
-0.28307178398532956,0.37757108625641106
0.49251214611861927,-0.049793926152914614
-0.9231801842292318,-0.3954610119070314
0.3101610912721862,0.9171196637340127
0.4046330903061708,-0.2629320293164599
0.0750381455475464,0.5098214044941496
0.5124813979807123,0.8347687681378018
0.4229381021744144,-0.3366256949077251
-0.5011023414521154,0.9158149212402433
0.7039028933321474,-0.7073834314671575
-0.14473045760004177,0.4940331559302327
-0.4351761765232433,0.254039579200006
0.3079942840655672,-0.4239883198163422
-0.36499466625500643,-0.2929068284339064
0.48734064111884373,-0.8484273575137309
-0.20350510250162915,-0.4738725253125075
0.46010748775193866,-0.08996250044547245
0.8588533044340528,0.6004323713485133
0.4724637357251878,0.9092581265439266
0.06142699965542001,-0.9971023420678067
0.9962076583683845,-0.2386221265920627
-1.0211660467376802,-0.0008427583048302521
-0.920687598976419,-0.2980724413151325
-0.7900585294810581,-0.5601500819152104
0.19099607986964878,0.4412662819523837
0.46189184662940397,0.13127947720052557
-0.8941438193142579,0.41604758674644116
0.18065465596373112,-1.015337371386224
-0.47345308327751595,0.053006401448858854
0.6265721356595088,-0.7482628953291648
-0.16339608052615875,-0.5002927895160038
0.209508059981144,0.43910222957238726
-0.4799508575259459,0.1159048413185832
-0.30666517643997987,0.9664633279161609
-0.3700203082257415,-0.9429945526930528
0.984889762175477,-0.022798092958417768
0.22357446297837288,0.4284778937721277
-0.8193703788380858,-0.5927399802265363
0.512458106076828,-0.03128857758823522
0.013755312026236885,-0.5243975455779273
-0.1832571686430628,-0.4703930748581499
-0.26782868145055666,0.37589065446080017
-0.354906157250842,0.3395316653847169
-0.3876482855074385,0.9201746631996602
0.8668946200093479,0.40555273640413975
0.9568587612574793,0.15447166068180096
-0.4534918495692687,-0.18261704749614066
-0.35443510471380496,-0.33446289553249764
0.13093230457147464,-0.9736840956256257
0.4119983377490139,0.30588138494845607
0.17363268328416595,-0.5007044933728197
-0.8395033515780925,-0.5414013541267504
-0.9553015208891767,0.30676486586988433
0.13182794772986856,0.4820445186942736
0.9582498634009164,-0.2675639662879939
-0.0974008401988611,0.49733977764587545
-0.787144416989386,0.6593255831180233
-0.35394835430576854,-0.34722043165649247
0.9534410986702339,-0.33050504893215527
-0.4774620555729977,0.06475102964513614
-0.32667197471178777,-0.3154794397340904
-0.9120501934553744,-0.5075200036975052
0.0878231806046459,-0.48103477234653164
-0.22754297730630943,-0.4314830107495271
0.8889005373608083,0.4626914253552876
-0.08802438605300777,0.9701314543821069
-0.4186799443510418,0.892038491588292
-0.5068124414074137,0.032928597962794855
-0.5158454926131548,-0.039581221774193064
-0.7074859794006102,0.6948398768732975
0.2527334407898084,0.967955872725701
-0.5294420003242784,0.844403077129479
-0.0451233331228138,0.4931345670644544
0.9136484439964155,0.41396645109894126
-0.5471343521368668,-0.8504331656926996
-0.47379906348695666,-0.07337535664415416
-0.772780344585452,-0.6502535065239448
0.5083766426875891,-0.17488433342057014
-0.1619990355586524,0.46074186356607033
-0.36235533245892476,0.3504169519636708
0.31242877496341975,-0.9650783238183785
-0.48559275936982377,-0.0426691495036418
0.5157547539853763,0.006128558188768899
0.04156696220966491,0.45901054762717297
0.5430281913649265,0.02709369733238009
-0.262832619382788,-0.3790193978196132
0.4931545573059547,-0.8545606930938885
0.9529371601179437,-0.32362227407227817
-0.5131880957628729,0.8127871614342173
0.26097155679977213,0.9692444382130482
0.9392277017867569,0.22282567455312602
0.4579363925237916,-0.20942646859750097
0.2838395084846906,0.40898339752787255
0.07349463786993894,0.9874123632556077
1.0023716817229626,0.19414528629718913
0.3872129975735287,0.2902399896689928
0.25213424651899236,-0.41595440407298506
0.06281276053851578,0.9702681570302514
0.4915656888546399,0.08993367014759615
0.3909244457460711,0.35161006410225226
-0.6396932651163203,0.7470243695768686
0.36519064240866994,-0.9012551158982068
0.47147532597568625,0.12812312668145429
-0.48187198054771163,0.13291102065340055
-0.5216631780726287,0.09197709789355496
-0.526896895662782,0.8586802465884383
-0.5614399675934247,0.7902397237921902
-0.4873872664507205,0.07013613357432276
-0.6854573232748067,-0.7556365210491441
0.047090559659902886,-0.9972110915851309
-0.8339220572373993,0.5547170663350409
0.8643192059414112,0.4549377014397186
0.1396169838067105,0.9896743748777228
0.8628476093753011,0.5325983029820232
0.4548397752047626,0.9355367643948074
-0.4878366915505872,-0.07299916597760948
0.2505529455460341,-0.9782640920711045
-0.4643207108223927,-0.8844527617238728
0.7009049582488459,-0.7154865268843735
-0.40032687162341263,0.31714744024318503
0.9780178040164982,-0.11593331028465159
0.9323114542332747,-0.45886044740573234
-0.8576721898032091,-0.5392338036645336
-0.17734440761123807,-0.4619077923554366
-0.9220151544532676,0.41546004330001696
0.05215347034166019,0.9958532607002126
-0.4871789596719719,-0.14717045339889642
-0.06499694956973234,1.004618722010042
0.6179387921821399,0.782178879273082
-0.2948946452763436,-0.36645012647942177
0.31620470486006125,-0.3769655940300236
0.6772265326872801,-0.7116649645731377
-0.733123222282887,0.6797165117433025
-0.4730295150209867,-0.13675628479693855
-0.6839355061237096,-0.7129175968655889
-0.8524462588682896,-0.5222781387434473
-0.9553719726214992,0.26288513341717656
-0.2416365842248248,0.42640530330459014
0.18810218363593045,0.9628998611601667
-0.04222145580889208,0.501647777674686
-0.31995227967432105,0.40127740436218057
-0.6967089352002266,0.7078914546617087
-0.04724586023458753,-0.4584262069936506
0.15122352160054836,-0.44632345350708996
0.48571600284148125,0.19269193528705972
-0.2647482444894501,0.4211016698451926
0.46134596208194906,-0.2646814653827139
0.9613889539067719,0.3733790461172458
-0.3355670943508522,-0.9455311961571959
0.6684270075157751,0.7382611371768647
1.0225202785941276,0.06890430116327478
-0.2100023973740764,-0.44196726945764586
0.8266891272857828,0.5783068337639036
-0.2962058504891737,-0.3838860270048578
-0.5113965765485645,-0.8833305048746276
0.6070064573706954,-0.7994014946567343
0.38048759780162733,0.3197171654219968
-0.8290591793214843,0.5555448452054791
0.29368133525588663,0.4216408859057626
0.47093390716398376,0.1898171693417704
-0.4262682840167395,-0.21693913173871893
-0.5008926265629461,-0.8264925705666126
-0.7594707440639673,0.6608570249362516
-0.23630588577307082,-0.9680634308395288
0.7621215979896476,0.6443864327288898
-0.24810953778800254,-0.4549162325244332
0.21932409421890822,-0.4844286891147506
-0.2264640973775572,-0.47426920834688263
0.4780431120653745,0.8805838039423421
0.778898305268016,0.648574182699855
0.09231705071070757,0.4804604133127503
0.20074580734802006,-0.4619550050481859
-0.40016226840038455,-0.9174180986216975
-0.453161036546628,-0.2310984776661236
-0.21380475255777792,-0.9788080146735628
-0.8546711658867929,0.5144718554776123
0.9621402521164067,0.11937917084574609
-0.6174229012085581,-0.7929637351216833
0.8134056980145334,-0.5050601148364297
0.8727950306988816,-0.47570534735911724
-0.9135765419595194,-0.40034216357845215
-0.270974128616874,0.43112344036664724
0.2965349191981524,-0.9160554078722322
-0.8667197346268574,-0.5075441712383132
-0.40881625512954156,0.2740852585617183
-0.4514930486469099,0.2419999727307476
0.3917410460001436,-0.3336848224471483
-0.8358120134986523,0.6103606575405333
-0.9101072684484496,-0.4241688516719031
0.712933387260137,0.7354479216109282
-0.18197931003592463,0.5038830044922282
-0.9034789363441229,0.390574800101721
-0.3564582539608923,0.32474407751458034
-0.5288263122972344,-0.7886591234078618
-0.7789547176240114,-0.6400226997207641
0.4470977450364298,-0.18426326355927275
-0.37494277856475533,-0.8996202506789609
0.0341157030644276,-0.5356631940991881
-0.27318123157687346,0.4456484054162683
-0.9835226537325238,0.20318850913550351
0.03264080401758225,-0.4852673939087826
-0.41017946294580865,0.2700647589532333
-0.337463330086562,0.3532302091453276
0.3558181331402333,0.3199286103082619
-0.36404152833157544,0.377372630589485
-0.7593602127429886,-0.686658272221985
0.8371430637581595,-0.544229601106303
0.67412901411624,0.7697483671385427
0.4937942321139532,0.14541997333742787
-0.17821945885207757,0.4525865732519293
-0.45995438961697566,-0.8760875608713817
-0.5047821008441685,0.035107397829467556
-0.26577204657293363,-0.4219001046269497
-0.37832918507886903,0.3655707716729086
-0.40603822720343735,-0.2945179029441375
0.5039190333012092,-0.15555879735918487
0.6834084722054412,-0.7735784735522044
-0.9254515216001244,0.3592072599180232
0.42778510123861335,0.2611851030012877
0.3473239668429625,0.95611583598567
0.31524424577427085,0.9376567988278711
0.27751527641934126,-0.4373249241866798
0.38474034239538335,0.9252872115588366
0.06313150450625393,-0.47661546492428386
0.9174900067169794,-0.4128579974050275
-0.48083291118344695,0.14383151947254044
0.38574602250228496,-0.32767821858460205
0.25784635435529424,-0.9776486219935804
-0.4748669990517954,-0.0804319218834367
-0.39315071164216175,-0.8970108224133718
0.03709071599555855,0.5180188061935034
0.47834877545107674,0.08215673800152481
0.47898638358741985,-0.1659605325626112
-0.4150334822170277,0.28599414734356626
0.24136016562721238,0.47292066506408426
-0.18043995372739646,-0.9895447377081356
0.5879813108937587,0.7709145691886357
-0.4664431432924179,-0.8861084406500154
-0.35712473940392103,-0.34253154250086115
-0.1460043622289835,-0.9909400019266624
-0.32689042232764287,0.34117643683946547
0.4730612051622473,-0.8894148365773094
0.9116765419688966,0.425777045514122
-0.42185000218285384,0.9022493480815297
0.2323782093740737,0.4723722344837411
0.2945175518738306,0.356288022385539
-0.43177621568840113,-0.2527433638433609
-0.8853281405636562,0.43647821259598907
-0.2608120794490998,-0.9634636355996669
-0.6321476643010667,-0.8044098672550168
0.526658135209349,0.8450966197724641
-0.3174285204627772,0.9752704775557222
0.4350123827873546,-0.25909097278973375
-0.27338815097541913,0.4084681937807046
-0.9870771033975193,0.038296978996436866
0.14178824639077472,-0.4855718527471644
0.7407331006233369,0.7260171020953066
-0.3593076937062185,0.8913548414094392
-0.08873043809009212,0.5100020166131829
-0.36004329141093205,0.3691078076853032
-0.2502696202352961,0.4457973714284371
1.0118424738373513,0.026423382504062766
0.4284390888190111,0.8699763851616579
-0.2451382418522605,0.4668564120895793
0.0027749483753741894,0.49218756700116056
0.9645554956769313,0.1911092197090105
0.15490131600171567,-0.9782562685095464
0.2503936209650155,-0.9833047448339441
0.45105902153355937,0.2022889359811765
0.4589544788198345,-0.09040836735076867
-0.6852839013311111,0.7169451279759641
0.28738367736281867,-0.40866957963833733
0.9070245286091725,0.4588759387979758
1.0096282495874218,-0.23755495488775413
-0.3312038206798115,0.40109141410838917
-0.4125923401581575,0.20899069318999636
0.15823713146841167,0.990504718533453
-0.031155458589571926,0.4968611694316389
-0.8001992565667109,0.5510163849245024
-0.1472151117153168,0.46411787753718126
-0.9667594815946744,0.0015791219372244345
-0.8769009875523479,-0.5424214227002694
0.0863862240440944,0.5119223376387337
-0.24399752025936788,0.47124894886371166
-0.43860679402323693,0.20337701101717653
-1.0201489903728853,-0.06973234756953395
-0.7526381543693003,0.6685624836720276
-0.06870158664154882,-0.9982098667238382
-0.009328263792361038,0.5057880847306844
-0.1451180267259601,0.9832459669329708
-0.45652681596995026,-0.2698968939215638
-0.5475798256140093,-0.8199583686312024
0.04872301425487938,0.47614338397452427
-0.9451925872494398,0.2866176453406406
0.8690362228901866,0.45347184649686056
0.035640214031136035,0.485257032728626
0.12378050924248436,-0.4487373771517765
-0.390671654644354,0.9214574179320846
0.4667828867889029,-0.296414805984213
-0.9826335021170457,0.10058402123140668
-0.7523911319534933,-0.6670908353094739
-0.99413769283682,0.1076534791143668
0.22313254154090406,-0.37360601655731696
-0.15722977910340985,-0.498582231613121
0.7113003375386218,0.7501760233353613
-0.27267015677594464,-0.3969409682071705
0.34910848362890073,0.376765225471404
-0.2884419429640652,0.9392958889613505
-0.5376699156408468,0.08592915489586239
0.459228240900698,-0.24468154554011662
0.8074536206972412,-0.55618110359331
-0.4179310118370516,0.2924940378475326
-0.2713051664723019,0.9903264082586063
-0.9379532334629643,0.3335059834672394
-0.6476474523839865,-0.7273330281202578
0.9658060297285614,-0.22882891281681791
-0.9875905050933966,0.1076199968177806
0.2641031841085239,0.9252362583733734
1.011306610489491,-0.13996094898609657
0.4310889954774678,-0.16724775657020072
-0.4999614907734945,0.025231209258791232
0.2919738545507372,-0.9646548492210147
-0.16863069925690788,-0.9706865678786993
-0.14245158460093252,0.4824836754217574
-0.6719143288318672,0.7248932554775488
0.6014374397881579,-0.7637067375253119
0.4165784579961537,0.24056117177581776
-1.006138713166022,-0.16048903901299696
0.5005732097295391,-0.08809115864936602
-0.926483695318122,-0.33747779829264485
0.6421838457245033,0.7472758241264613
-0.1919340521462908,-0.46424857552724547
-1.0022286776099014,-0.22692537619290806
-0.20741886639609236,-0.43666015564977534
-0.04334600058460951,0.480197669016412
0.1656589078836627,-1.0059648277015873
-0.23712101716714623,-0.4729680170060551
1.0115677916183907,0.073220986232672
-0.7975805534248244,0.6253401508186136
0.328790444113763,-0.38773386932082016
0.9402930321569615,-0.3538343669664164
-0.5147386893002126,-0.0037005133076250785
-0.9242657950586789,0.4323101957890684
0.22410672819997993,0.5103835237949244
-0.8203779343873725,-0.5547421581147306
-0.09779841083326898,-1.011678513247906
-0.4920227196370138,-0.14218369314838653
-0.42730432805956375,-0.30317138374959557
1.0007403847629752,-0.08217668229220845
0.5139613270716678,0.052012900185838616
0.027675080781108564,-0.5353981958725628
-0.2925825999505175,0.40805546049175256
-0.531241895671566,0.013829832396884482
-0.014825929300850724,-0.5208506220417936
0.4743492900826511,-0.911629041864041
0.8201042795447252,-0.5977599138236079
0.5758488620778215,0.7778142259474078
-0.9653607710565278,0.22679674577256823
0.44427644292525975,-0.877604723909337
-0.9590621021149913,0.24434490364648168
0.44075756788334347,0.24897507237854763
-0.15600129700250778,-0.9617376989124611
-0.7618965956236905,0.6712234084303812
-0.47827085278883225,0.07929498247329354
0.2538008274399772,-0.4782590470866657
0.782614151457368,-0.6003826156275939
-0.619799518487995,0.847396502185842
0.5326914762850503,-0.031056786256280833
-0.7926917638888757,0.6275301585398423
-0.8985028053519593,-0.4122495685789328
1.026297111747387,0.014503594594110231
0.18225123054856315,-0.9786511348070773
-0.47555417450391757,0.8831172212026651
0.5726600988588644,-0.8262645094556741
0.0564601248820701,-0.5063785670866131
0.37227377851793075,0.33169454360933176
0.15947680563696637,-0.4730090555493372
0.44315946535586614,0.8930014282143977
0.13668122807485114,-0.47583082897596474
-0.8238706038763761,0.5853523910399382
0.5185471679022886,-0.8593874899329232
0.7462213742257002,-0.666336849899296
-0.3860730978918434,-0.9189409268242494
0.9791129942283597,-0.23178836238900993
0.2908675673480911,0.9112369789019091
-0.1611059654127612,0.46477520918245047
0.43255741288577026,-0.29069993649278114
-0.8880438309412574,-0.4760291642078213
0.3308456685441041,0.3586460549544121
-0.4475910893604567,0.20690394627246023
-0.13330153637643422,-0.4593861566693113
0.4997581850214536,-0.07610983480729493
-0.46351307502101485,0.22316545771456234
0.09070891912516199,-0.99331388362226
-0.3994033927645513,0.2862348729353739
-0.983960933668572,-0.23784966291963822
0.13523161928070507,1.0188288149286984
0.07838339650210344,0.482976922877753
-1.0069067167462566,-0.16336186736885389
0.31549263412910944,-0.4117385816069665
0.4929298668735716,0.10945531417844737
-0.20342599201184158,0.4556259379756581
0.5290371204169289,-0.0113160632786211
-0.13592562250239848,-0.9657498776285762
-0.40727489879320394,0.26762903862173815
0.9514198866925178,-0.22778176727408422
-0.5600394137928172,0.8029535645138502
-0.9319387663729775,-0.3300849673375135
-0.6437499246858689,-0.7568143033397468
-1.0136680905673945,0.13388482767952303
0.8003924764792221,0.6102362698755327
-0.05141864597095677,0.9663318314221913
0.07378961612616221,1.0106818776424928
-0.4508637567363491,-0.16451348259375206
-0.6287941603463528,0.7895149726310441
-0.14226239617732866,-0.48586441506917954
0.8945443470211087,-0.5096758595575769
0.36716437556904696,0.29675395070699706
-0.6624670392212401,0.7131676836486246
0.42707664828218234,-0.28967378902013347
0.9599801410015594,0.3438555274281066
0.5056161193933146,-0.10113869653139881
0.7109964555599977,-0.695440669332268
-0.49425554270952743,-0.12278484267444953
-0.18200767269875612,0.9634322155994489
-0.6549304156184012,0.7613394255641519
-0.3042790087699046,0.3856647843981163
0.8743124332352072,0.4980385214785437
0.030898124468560047,-0.49837634906861067
-0.3220931895772805,-0.4214822712714422
-0.9478947887924786,0.4464381471973405
0.2719783222445035,-0.43471916199698973
0.938257304702708,0.2815872233160483
-0.8762248106887474,-0.4856207285082169
0.33023669141091144,-0.3435689803912381
0.16792867927866775,-0.4825697522750598
-0.2233982191792322,0.45168195666241084
-0.9844468705100534,-0.10878920859325797
-0.3691999960760778,-0.3097543778823901
-0.07463758561206348,-0.9726674043453131
-0.28785565699771565,-0.37744684980432536
0.036997992801707555,0.9659543777366426
0.5033370518454832,-0.012855903758245264
-0.6803085807960927,0.7430744500811008
0.36416769688247164,-0.3121317450262176
-0.5064423292647247,0.0675286215183027
0.2543688804921985,-0.44124155183890085
0.7531640766576398,0.6616198208211079
0.4733763505222911,0.8605403503516685
0.05993697777052372,-1.0247898025352973
0.9404658980578978,0.45477849912316687
0.5289172572520212,0.8738850194245354
-0.8374659094565473,-0.5287699949510882
-0.7519278947846565,-0.6813090310107188
0.5185292978818274,-0.07088407628091506
1.0210133889755961,0.013409064997337137
-0.630695102163132,-0.7914496395731041
-0.47163222690301815,-0.12623318225427088
-0.24325373641826498,-0.4295070757431379
-0.5525501445733831,0.8407153976834366
1.011822633745024,-0.1896061890182592
-0.5002793893155063,0.8561588141741523
0.4747781579227507,0.16056296965428
-0.5180596986994296,-0.1255765078845778
0.5006216769672175,-0.1117832083404137
-0.021280571167188678,-0.4887625564177455
0.9381035832270053,-0.32143462458745975
0.7683716418281494,0.6267912047840872
0.16843571323937004,-0.47663592927402215
0.43884725883688586,-0.2603336033693558
0.40509514289339077,-0.31216679354889726
0.4835013376774966,0.10908700498128365
-0.9084996941147732,-0.2973222868621659
-0.393497638381809,0.3415111533491568
-0.17219400566657203,0.43328653816373425
-0.4476474622183454,0.16970262307082495
0.27459800535352946,-0.422474572219998
-0.8202414913477913,0.5833300111896449
0.12143963824019556,-0.48025412054460714
-1.0195295135468478,0.06765631348974757
0.5596706164414268,-0.8574671980429471
0.17826132595335722,-0.4599733748856803
0.027813516385028658,0.49143403303115196
0.9488262548736432,0.11534210558761247
0.9556904228720683,-0.23798885837481795
-0.11935473858022916,0.4837302124020238
-0.6512178210410902,0.8153939763092406
0.46753386849163275,0.8960235271028659
-0.3151648061154922,-0.9403431410373336
0.14153179642641217,-0.9702062608496952
0.5172557282851041,0.022336500201628275
0.4535385999815945,-0.2374567378869862
-0.18777516642305422,0.4561037344815767
-0.11235514167575023,-0.4968431503824707
-0.5083453916856587,-0.05462583810609073
-0.04399959374061153,0.4685573347812543
0.05226899927881865,0.5326423472681765
0.4443297125648429,-0.23636554858827985
0.5109914715300747,-0.017087003511381885
-0.5930333843511739,-0.8123587030969845
-0.3123069674114855,0.4276432468259784
-0.9470566157149568,0.3424930510834053
0.22508815175752356,0.969052752485647
0.32278505257356566,-0.39153574477832065
-0.02519613325026035,0.5358566071487874
0.3505470247967348,0.36077727811129934
-0.4573462639250513,0.13241008002305169
-0.2708651286399183,0.3986988712465347
-0.44014858600769713,0.22204207223311262
0.04486753499511793,-0.4768005141144955
0.4253806808577666,0.27995540571390776
0.06574003189166727,-0.4949295352094089
-0.02798775447255262,-0.9781561061122087
0.20162711529333607,0.9666448606177391
0.7751610831539,0.5969140022049665
0.5164571948704513,-0.888878598823572
0.44986513141012235,-0.26548262120635624
0.45290528005145514,0.26988165544940884
-0.2910940068935587,0.42829427406294757
0.7417649995489274,-0.7118021398012675
0.9789580738947407,-0.12262885359294916
0.510138437384952,0.8506274834766306
0.9477105187533852,-0.24507867400131306
0.20023493350223087,0.45949554454768404
0.48646513714772494,0.15364961791899268
-0.7006680806950529,0.7382126765685518
1.0034896048794384,0.09827859948843345
-0.8689983209847777,-0.470699888413033
0.47202477545607285,0.0035922660073927012
-0.47934397884243324,-0.19920389717155343
0.0808737082535838,-0.4975592149206512
0.47943069766630614,0.07136651083021098
-0.3499907996006076,-0.9480675457014759
-0.9474680448167224,-0.2069131216731196
0.5450445927920656,0.8030222658362203
-0.4768559421091141,-0.01024467831844264
0.30060330669216484,0.40659920304485264
0.44840316470757674,-0.2821540771341271
0.7797840174207281,0.5858508478841041
-0.5110460170473167,-0.8610334219369361
-0.9703256788699492,-0.10732174016661009
-0.3164542800816515,0.3907889073328842
-0.5877753422594232,0.7840628325052518
-0.22870162454778242,0.4335290290539262
0.4594195470259256,-0.1776865772077865
0.39685144408090384,-0.2488419629192043
-1.0281847572078524,-0.10824229230896501
0.12019824210264318,0.44799084845216053
0.4626023192656784,-0.9395639169091643
-0.4385281356495661,-0.2497303990604696
0.3379126676329597,-0.39402427548638524
-0.3358003367864074,-0.3680634401611417
-0.11104878357432807,-1.0002822875163178
0.9312244631272398,0.3612045421715233
0.787442316116103,0.5997236579502588
1.0290360486912187,0.07802276353392038
-0.30877460864143436,-0.4128275413301166
0.5147302108488417,-0.056694536177042724
0.21482019065301663,0.9635027286962038
-0.8042672199526677,0.639345567512607
-0.2610601029758852,0.38770018012479224
-0.7506552247108483,-0.6468522448444609
-0.009519560381375605,-1.0170054373300788
0.28049476216300084,0.395077467383432
-0.5897041261059984,0.809893310034318
1.025443517628648,-0.11986619320000193
-0.07145785060343696,0.49068385944269655
-0.1877068736315575,0.9810632329940847
-0.5263458626920253,0.8393706085707674
0.929585925752076,-0.3569235628717936
-0.41596316087687885,-0.24297998977791355
-0.3301257250474935,0.37386588358379674
0.24123864115283705,-0.4651386221662104
0.2895586110925525,0.4023542408678689
0.4619303444423802,-0.20596604434699287
-0.7942599315042144,-0.6509604853542138
-0.463892750853727,0.11424940574401236
0.21759147979410653,-0.4525401368664408
-0.9395678400631526,0.1343080148325962
-0.8429637208152169,-0.5732656659548938
-0.17171024894595166,0.9636605985767726
0.3604660455872316,-0.36726700384947275
0.11500386546947441,1.0026006431283303
-0.49353829458325743,-0.225410204499019
-0.972153635569513,0.23014269258316125
-0.23186625078243564,0.44946307159259274
0.20922462163508676,-1.009543338171669
-0.6060289006582879,0.8099922340619109
0.19431662740889216,-0.45788101193574793
-0.6871135608834639,0.7412068576903187
0.45918601809411846,-0.20478453224081294
0.4909656330247321,0.8580728839646914
-0.4783023919799175,-0.12261904668457158
-0.26223257106366027,0.9574049772258603
0.30461347752812945,0.929714742384629
0.46064766159126214,0.8944470074787212
-0.14048619716289498,-0.9523493852663197
0.3640544952741222,0.3345242791136055
-0.6904640239350139,-0.7391980155691112
0.5156994894134463,-0.017541532224307446
-0.22377747706306197,0.4938874508535461
-0.28200271570568486,0.4327818077380576
-0.45751594884580954,0.8823849054235086
-0.4311963870506972,-0.26580545885978835
-0.47622372575697125,-0.17154707323833868
-0.9840837657524367,0.23617654595256724
-0.8152860242597965,-0.6024854708561904
0.15600624476900618,0.9823497208999017
0.1900858112477056,0.4424257212161432
0.18333197985788016,0.9779876361659161
0.9944795026550534,0.21529605267918717
-0.8675639618012475,-0.4950093847654695
0.5140661757416073,-0.07360249262955015
0.5127765143065655,0.018721505484978994
0.539885169902456,-0.8430925041720614
-0.4677808455718284,0.1899431622493058
0.5804969474781421,-0.8336053671130921
-0.6866863258487307,0.7740914252379119
-0.11641609687883896,-1.0093036294997169
0.11407728699697499,0.986736375765051
1.0007716308580785,0.03939368705334841
-0.3289577482173468,0.3547021407146546
-0.15373803576827288,-0.49909654426118255
0.6553049843794412,-0.761681133562004
0.11739805531414378,0.4945985451977204
-0.47191006912069566,-0.07600073822742455
-0.1651681010905739,0.4700614449804089
-0.5917210828665855,-0.7853693031444976
0.0034156013528112567,-1.0106942727963677
0.8064813890061876,-0.588326708140044
0.9318252741076483,-0.341054348393563
-0.4605282823897033,-0.12715917656607342
1.0016046996774575,0.008024134924895239
-0.513800465139999,-0.040655630441763645
-0.21236096850137717,0.4406211154818598
-0.18362959496110487,-0.46213297356366423
-0.34031420005805324,0.3838659758047904
-0.15021002147315674,0.9667146322095586
0.17387788547621125,0.9906012486754354
-0.14218096004562414,1.010854610483244
0.3446320513869148,-0.9488108454984259
0.46644519669902124,0.26244568538096513
-0.7498614186588053,0.7053727873626929
-0.33592635968402884,-0.35967292734384804
0.3924979005200014,-0.9191603272585672
-0.4578612806840043,-0.2550145776582525
-0.950355848748751,-0.4251768428307933
0.763105087595742,-0.6172924338507614
0.9973536021979988,-0.19535060087090012
0.545453794282494,-0.7930445996604036
-0.4291102554781175,0.21464388171541687
-0.24168592050765528,0.4030940208510861
-0.452143185619383,-0.22496228758125592
-0.3834010743595777,0.2967578911721739
-0.49487409469551663,-0.1750889282999758
-0.32848867414794203,-0.9266137412428419
0.17949424910724507,-0.461113584150793
-0.5684897167467494,-0.808386052591373
0.350943746743962,0.3485768140986301
-0.47276248496655315,0.1590122340996043
-0.5987248316277256,-0.8036926975606329
0.915755399995818,-0.4669268599801053
-0.607033188640407,0.806868824800471
-0.40453050997744483,-0.26419855440396833
-0.4628176815825553,0.19982506695765728
0.6744479455333737,-0.7486424716279009
-0.7008879928930114,-0.759253212928985
-0.9879651176957259,-0.09430089857036561
0.8539341558000939,-0.46229298473566705
-0.945434529127373,0.3512761356803283
0.37317958300614307,0.964303378135105
0.2716383909405801,0.9570603554783592
-0.11502798507163722,-0.4694222597901369
-0.4839997631756655,0.8937316461452262
-0.5056517332495558,-0.1312644649970268
-0.37796773040732606,0.33529804832953364
-0.9882767750692124,-0.002578708436315959
0.48078244825424743,-0.030955648033591708
0.9989809797954033,-0.017507633159460433
-0.2208905251871703,-0.9863937551345395
-0.10303003527534571,-0.4779603594300875
-0.032897949198492246,0.9756207158256005
-0.07979657211181912,0.4812343964847037
-0.37930469687089663,0.3965832132856472
-0.39107586488500246,-0.2678277079166308
-0.3587515185204333,0.2855391139618118
0.7547716033768378,-0.6301021947237608
-0.10502840152380805,0.5055908488294052
0.15659840613549106,0.46712331447694777
0.34757094512622433,-0.3240286115584339
-0.24394759096975938,0.986962814702434
0.9800809732819612,0.05673307338356355
-0.784963843559103,-0.6362980914266273
0.07593594358521484,0.5201279213091546
0.08413562980181856,-0.5070621698878305
0.46035392764291727,-0.08017103036641868
-0.0710028351535025,0.4918202670675387
0.024895385780166104,0.5174115213699334
-0.4652176561153791,-0.2304911304989028
-0.48184591804549737,-0.16285735919624444
0.38918026679892026,-0.28486581844579006
-0.34912077218173604,0.927189374689521
0.23803063612479983,0.4230742953678017
0.3120354391500811,-0.9550199082742659
0.7382229620153689,0.6174398227816094
0.21101304398137088,-0.41327626019557806
0.22357510897764124,0.9872526963116544
0.08239036996890502,1.021122235344555
0.7609414456453358,-0.6046580110957832
0.5031601867243285,-0.027299932992072146
-0.5429882676397435,-0.014245501997232063
-0.3016419490973407,-0.41678755595261907
-0.9258596734526597,-0.3434592056752066
0.6277857383750387,0.7766543189952593
-0.03426672279754256,-0.5141114041853212
0.00071725523452211,-0.4653421014075541
-0.3514430548871011,0.3843611474337048
0.4958329963058892,-0.18717457381915173
0.24962088025469903,-0.46977908153834086
-0.13543427415344644,-0.9892560372831057
-0.45706237002895006,0.1956706186108062
0.9906804755690479,-0.19485852071124457
0.5050521491776511,0.835862591061465
-0.03760331616448505,-0.5353941130775572
0.3726813925990964,-0.9369616793789756
0.4988477906075634,-0.05635013006686188
-0.48654116746578496,-0.8953233456650204
-0.4667651326377496,-0.07979915134422534
0.4589696263187546,-0.15680667736560058
0.4092813483551044,0.9006181323755376
0.3887051785200813,0.35809416015742007
0.4769316408528125,0.8430784570223191
0.20524092193095855,0.4536097143974604
-0.8776707410414702,0.41231641499953703
0.11546953747715316,0.47242316868245293
0.7582845198856287,0.6600583349847254
0.734773652215875,-0.651243531042866
-0.24596707492054265,-0.9610587259527285
0.29387548108973843,0.4039346232296375
0.2400964510876181,0.4609980919419216
0.9331487380865008,-0.37071762356415733
-0.9234227854547623,-0.36700292851815586
-0.44526715761729035,0.23351805786301152
0.7591766109747466,-0.6648882716575473
-0.3477770079115906,0.9436994813462118
0.32324354914048675,-0.38838080913076634
0.7984792162335136,0.5709077759027315
0.11024574941232987,-0.4801340452126869
-0.19973389330042837,0.9639706858280469
-0.5118864534706455,0.06519975423628335
0.44534637806269906,0.8949361537569
0.9825184392449777,0.04313377860400985
0.48773996354067584,0.003011111120932688
-0.9904234747421538,-0.16627463727270125
0.36547366384173,0.28917465196002035
-0.2564843395732367,-0.44795888595696104
-1.0162785363817217,0.07674789741233334
0.15739582471967772,0.4677722009120516
0.4151581782722661,0.9475880035597155
0.3991810907025447,0.34039531976298854
0.8869696716749977,-0.4998737796793343
-0.46099215845495806,-0.9060545367851894
-0.43740601711124794,-0.895530905221032
0.4599526051939812,-0.10455827560125651
-0.21251702277495288,0.4186172291553206
-0.2611433621219369,-0.9631630712970926
0.0135976033719705,-0.5137293407726834
-0.792189236026886,0.6356631414733649
-0.2538044706330303,-0.42263029770605015
-0.4088159117013785,0.2710193614596847
0.18887744608680393,0.47918835911759877
-0.4190865329790616,0.3035853508044107
0.5369830173863316,0.830768007276617
0.46402132781652233,0.14471680796006384
0.35164219835047716,-0.33262468317382093
0.8089845156924704,-0.6002854077927914
0.5066075596644454,-0.10983739730650498
0.6184477243714133,0.7982352166276329
0.4448828951888103,-0.9315511065275804
0.9130956745938344,0.417223377949966
0.48741994687687884,0.027883023761582304
0.7137694486474785,-0.6750784458822479
-0.09508417254635743,0.547070328553737
-0.5102540244468842,0.07743412072923146
-0.28385344811601704,0.373431806325687
0.5172498283218501,0.12972873188937548
0.9607446159731908,0.19834758165747518
-0.4626858608013345,0.15096626825937337
-0.8079849949653892,0.5744231713953086
0.1129382137007455,0.46838931311532406
-0.4551213398046636,-0.9111881257322563
0.6465845077095096,0.7889123967804924
0.2464705468647818,-0.9832598647244829
1.0033704846746685,0.1624509387442707
-0.645563064231827,-0.8147251361404053
0.438058940929446,0.2541089776414768
-0.043628807988566554,-1.0375830629576628
0.5464045637176383,0.847419014174626
0.09391290617418259,-0.5165812457579715
-0.0748564327426191,1.029724489808127
-0.4807156957293747,-0.07528431974069401
0.9849006035760998,-0.25820544114241517
0.46282891190286185,0.17676190885462578
-0.6246450445012116,-0.7363269060798295
-0.2553239575724264,0.4493014449255971
-0.9795520300148527,-0.15946579192345475
-0.11045583679782597,0.9866471010985711
-0.9471458881689152,0.2958222442919908
-0.9898409103363751,-0.2975604386082689
-0.21578416651091636,0.4525210654453712
-1.0445192250014375,0.005069881251944464
0.3461852418047625,-0.9088452995272636
0.5086253285171637,0.07678968527914688
-0.9875761607414171,0.09826258072655178
-0.296284842934725,0.42768990647867855
0.9093075871884637,0.4724642574439177
0.9565450908413117,-0.02993890797828987
0.2734171123413412,-0.396897518103062
-0.8082917871246148,0.6479780494339595
0.5143134363521757,-0.027865612114676724
0.21871882893645544,0.45077585450543944
0.38222621162968795,0.371721893911527
0.39369194365680793,0.27167926357592725
0.6163646678199826,0.7826355664517698
-0.150702866439069,-0.47835563948928783
0.25486854114675866,-0.9491901121471344
0.36658511374070635,0.915062246679247
-0.6941743591775763,-0.6691364706699868
-0.4450175637029559,-0.280718670074092
-0.48331707000296037,-0.09699912846074782
0.6907618483313747,-0.6608979874809396
-0.28895945841020265,-0.9618552932939356
0.0016633876878020936,0.4569506100297055
-0.3299183362347058,0.36856789461988515
0.28575877414498163,-0.39897650722208045
-0.11051894581819413,1.0223237858158742
-0.49080914104303375,0.13787806953453413
-0.40227035076330125,0.2497728816273314
-0.40039154932809157,-0.8985400540243101
-0.14305004998242113,-0.9404318553554967
-0.48613404782619085,0.8953375209296172
-0.47985595159755134,-0.1522556604383714
-0.9446492097859901,0.29070908579384735
0.25255644245459996,0.4704130117821817
-0.3351658070635627,0.33375023402601983
0.9936426547890771,0.04201118149595391
0.3402940022295662,0.3064088393528321
-0.515206228289727,-0.06698750952343993
-0.4600058148295623,-0.271097821084301
0.8012739874338498,0.5968587262708055
-0.46048641920724426,-0.8904741157257282
0.4646344990537609,0.11248405097446446
-0.32640290830412133,0.35451627882775233
0.5211676916921321,0.148531670492649
0.0705740677984235,1.0023008605320043
0.9759763210168643,0.2747912473266874
0.3023542175830793,-0.4046991639762885
0.5619074104462677,0.8338904199301272
0.7843682644107419,0.6592252847529957
-0.2227906253960416,0.9584298355706125
0.4393212099734884,0.8977943576876045
-0.48991984629786756,0.09404132495636955
0.48376598927355136,0.10552549712661881
-0.5365519760796531,0.08833684407177111
0.8420725627689467,-0.545577868368983
-0.44589115544730695,0.30272713936216294
0.19675949280200322,0.4461380395104434
0.45557391582223594,-0.15771411389506831
0.3832197063948274,0.33683732051802917
-0.05241836071171022,0.4881333579723114
-0.8976805147049137,-0.45436241249721016
0.9095511111702241,-0.42568860215098925
0.18651948105508792,0.9575837341463602
0.47594148687688553,0.0703526594112153
0.12178214369784982,0.49712717135523926
0.16162806269463867,-0.4893419720557283
-0.4102419894068945,-0.32809089640757916
0.8817403842934797,-0.33437779488567243
-0.8237641182968519,-0.5061327514319897
0.08820665462286688,-0.9960841541018244
-0.23069182171929217,0.9503499953827016
0.7987696151651311,-0.5518378289472385
-0.3964869415987831,0.2935655110413117
0.1597108271561335,-0.449942783769499
-0.463668209046728,-0.024966809450473162
-0.14910641972812713,1.0107006921838424
0.27040109767296844,-0.4223234328434618
1.032505913300638,-0.06950847315138614
0.3016005233296685,0.42332574672500173
0.17494366402044137,0.9645421512443147
-0.8888248839877863,0.49215093141969946
-0.6461780207289209,-0.7570188173449776
0.003988743985255148,-0.48541526231100457
-0.23103958367551444,-0.9704356291448955
-0.27097117590398717,0.9943279465912064
-0.29410812609178383,-0.3802118422865699
-0.9879181138712235,0.15221887199381065
0.8243191321847303,0.5977463674601933
-0.28078706936966435,0.9799695747043117
-0.03975503883839727,-0.4967623482311953
-0.7389715688627212,0.6870013162553148
-0.21296630824773122,-0.443931741872906
-0.737150447202162,0.6983566444831714
1.0199198099889255,-0.05792367310128
0.13665584019595772,-1.042667410028478
-0.41136546473984315,-0.19719362030394658
0.3371587620949154,-0.368425965399083
-1.0067002515290462,0.1730290626439751
-1.0225252971716774,-0.07411205937029075
-0.10738802812821935,1.0065211655269815
-0.6606555370114147,-0.7118740459307258
-0.5280247114893188,0.050551776883908356
0.4828788446222525,-0.8782826885804661
-0.709839673785385,0.7138141841822234
-0.09493125368721765,-0.977503318792157
-1.0124221148452834,0.30102737626519543
-0.9698294488916036,-0.26936780549262934
-0.501664325353119,-0.8305707286522808
0.8700250495530061,0.4864997081478351
0.6977015769136921,0.7316717664287786
-0.9774862644757958,0.11414826876087365
0.49460710453665324,0.07201278030066449
-0.35427765882249657,0.9483280375863853
0.522528145293783,0.8565453231062168
-0.881197628943909,-0.476223038658772
-0.3646512873636222,0.337939849992064
-0.49993245136860004,0.00983539428729431
-0.07700195786789826,0.5083733214473415
-0.45732543404396936,0.07754121657544717
-0.39286443398203774,0.9427208189072638
-0.48864411475955616,-0.06455981556884584
-0.016467290666755344,0.9898798771547467
-1.021151176565713,-0.04749591024930591
-0.9905512719711173,0.011776807606701651
0.44413324967250123,-0.2618071041771702
0.9878128787390449,-0.05593863139996327
0.48118012222301487,-0.04869538061104846
0.05440350757689365,-0.9863582168647569
0.1800851461152421,-0.4888502705333186
-0.09770891131890694,-0.4943160964371179
0.49159484171475587,0.05248118410637652
0.12697072658344996,0.5348049482034674
-0.07299320829375822,0.49592641082227323
-0.9252738625038284,-0.32476540066718296
0.6791445860765466,-0.7228812194541652
0.00451501529742339,-0.4755187999117076
-0.36253258028786556,-0.3963906925478654
-0.40531425476499106,0.2171368911484615
0.16192797109385648,0.9682289150370288
0.32584467050973803,-0.37738733689165804
-0.03268086681522843,-0.9709392914373514
0.6618260020042306,-0.6642294578613303
-0.22842850063524323,-0.48310110155736796
-0.7176362497998883,-0.7239969675978489
0.26110560167819297,-0.9507402891725303
0.989972112108435,-0.2398694170609627
-0.24641084532803412,0.4463423966475779
0.24529432498697737,0.4413352354967753
0.19215206974749527,0.4562272361892569
0.13394001787587773,0.4935238721208901
0.8833801859542468,-0.48019894211730174
0.8754996865026122,0.5012165326340561
-0.5544629676338415,0.0442646437702865
-0.37030790588348333,0.3136890782745148
0.4590196367931977,0.2789136005198018
0.49527266310949397,0.8467643377702655
-0.44694749208770146,-0.2725464803743419
0.15300897087245005,-0.47100321903079273
-0.8046710157740571,-0.576351255352975
-0.09046365727421285,-0.5059787631860275
0.9772961947837637,-0.05459271355722229
0.37501675620439634,-0.9386126593054727
-0.4466333795975477,-0.21260329793876923
0.4025684946684694,0.19526522142400715
-0.09823044820767945,-0.45610960061464134
0.46935558721229836,0.21882639123901296
0.3982318112915043,0.92105881080219
0.2855715555668707,-0.9737122428314926
0.48049656631852783,-0.04377027688801746
0.33765174462695335,0.9454389688426489
-0.9900618817947391,0.10587751453485289
-0.06944952158442769,-0.5171306524739377
-0.45477774833322315,-0.12029439508771478
-0.9886345104187244,-0.16422812291699615
0.9046619397909688,0.36541771560206604
0.7263523525461951,-0.6791766407597538
-0.14279645348530998,-0.4845244717520602
-0.1642634889712099,-0.957704362932822
0.8618369928864414,0.5231058175797171
-0.0036349175285774332,1.0349970803100526
0.8398151135842581,-0.5512800098368703
-0.4697770588763998,0.1486329786823985
-1.0134543906466829,-0.11292083893727592
0.4921101125793681,-0.10183262977382124
0.6244453000442673,0.8084285128192522
0.8302109800173979,-0.5914305935612547
0.5068195059963909,0.0720247258188739
0.8181313068208597,-0.5702956399395398
0.6373573867999808,-0.7364024486166815
-0.5114705538090667,0.025680629080960686
0.4116961229888355,0.247474054177754
0.427079853109041,0.22555280833923913
-0.43165177715780617,0.26165200137653977
0.4869793705489019,0.15607534354383748
0.5986048160393108,-0.7677559077237085
0.042954084816720015,0.5154173934606309
-0.3103270775961105,-0.41443992894218146
-0.001366353347676895,-0.46376836954760026
0.07669873482237835,0.5172587638076189
-0.1962735105131685,0.4614102949434
0.47488757481267996,-0.018927551484834562
-0.685166681640703,0.7305181968101001
-0.38423952312236204,0.27494594046130366
0.35612961723226244,-0.29417692106972126
0.3852498785716537,0.31009194655863254
0.9620337494553661,-0.37663880817358286
-0.4946696166401652,-0.15500311086063617
0.45284209114678187,0.2573768047846497
-0.6280889927706953,-0.7735970888629515
-0.08399804764562258,0.46334547434695583
0.4207163572013456,0.24220820874225102
-0.039136302083630635,-0.5222413912848699
0.09205850504879413,1.011479356780763
0.11415741712903214,0.4608012226142838
0.3117343939922047,0.4056327644876563
0.2603764129359034,-0.9702043077135487
0.9794926819513111,-0.24632394489563383
0.16595329421911487,-1.0290092932143704
0.4806339515117423,-0.867086869050485
0.2704931867142725,0.44051912331884363
-0.04816582294426135,-0.5005888605798766
-0.6407420391710815,0.7460701692702016
0.03209078688453312,0.9932407041193273
-0.36736575448639125,0.9023258987905975
-0.49454920943319014,-0.11329187797873447
-0.6168375044392567,-0.8218919082092482
0.46358035260157987,0.1820522101147731
0.14733505734769395,-0.4521642406869176
0.9498607499390572,0.1638248939709433
-0.01237794605239287,-0.9930686241738773
0.3344567095852718,-0.9299011886678287
0.7173469471969846,0.7187372721416612
-0.17864848474790684,0.4849764124341343
0.6637617837459909,-0.7217993231712971
0.40629219347835627,-0.26259772492788863
-0.495559286993162,0.8727549168720027
0.26286418496068886,0.39825774063213465
-0.2003619891413356,0.9676047321129054
0.05247287049231366,-0.9840838720119882
-0.41534053572543883,-0.34826958795954965
0.43614159561464466,0.1752322849811502
0.9384054165740215,0.2789468942475782
-0.5866213919519466,0.7999277019139523
-0.28554544502072426,0.4551753435563361
0.4475337410391305,0.23026498050094646
0.5694261767958435,-0.8694145155738773
-0.5064075696401584,0.18250364152976672
1.0209123993234905,-0.0245934424833279
-0.24676278046772654,0.41224085354902074
0.30574122700090967,-0.40196018514632953
0.9670659891071595,-0.22935441465790413
0.9956269910922941,-0.16988031574624846
-0.5066650579006594,0.06228704024862209
-0.4364611481042575,0.15536725210180705
0.6524245570818163,0.7887356462021509
0.43430664419345416,-0.25774153748275364
-0.9721952212065286,-0.26115798540476287
-1.0047717094671729,0.18147490753480808
-0.6082640414014936,0.7971653090951633
0.8734252128581999,0.5237846724934873
-0.986476841932343,-0.05171946537309695
-0.4076591807232769,-0.29247011885653496
0.36483832861393733,-0.958566783672184
-0.36761610059628114,0.36854597057789706
-0.3106489868749004,-0.9219569901884201
-0.359526665399389,0.2911911815284859
0.6947014409402902,0.7501298204577249
0.7225427827644418,0.6706871404207186
0.5211381281273916,0.8823898775550926
-0.46259523386150636,0.12724285567635496
-0.470699523282473,-0.10078917884994594
-0.20009840804551093,0.45080676426538024
0.11923105492134031,1.0025162661409688
-0.38669788329029403,-0.9105309681363765
-0.4735831800244319,-0.22497972977680067
-0.9695508957000268,0.2311611415836983
0.15987444197911152,-0.47883060734484767
-0.5375182311791697,0.8319403733671343
-0.5227594204781622,0.09218827264785172
0.34155455806619484,-0.3421493127403363
0.49771577435838266,-0.11322985654776592
0.02922129504959762,-1.009654816647165
-0.5912209107184573,0.8000440929983494
-0.2229319046246166,-0.46500378139136683
0.4593150357563226,0.20489357165888028
1.0042125412135035,-0.041717540593923366
-0.6451122665233249,0.7726351875951418
-0.07678828837211119,-0.47810823062158203
-0.6788270839389487,-0.7420713979554906
0.4036343145089084,-0.28210789767070393
1.0281524365403731,-0.03729207497938451
-0.156587281952982,0.48682638076076595
0.4447827495280493,-0.18831400762269762
0.9954606669821917,-0.0600824359585632
0.8135546895064175,-0.5609964513212689
-0.46543340355342944,0.07204515653303153
-0.49174566482018545,-0.0021260372734468857
-0.4797941092367672,0.18437535972192087
-0.5187546377129869,-0.8498257581762854
-0.9769977542539776,-0.2404812240475689
-0.947818309731095,0.3420358636250046
-0.30298740384752537,-0.35259017406136045
-0.3385878601248416,-0.3630303213105316
-0.07010515152167761,-0.9600231045688375
0.43032538830866174,-0.23391454371403397
-0.26835577362340063,0.9321720758658619
-0.21261630887526614,0.44804772541152244
-0.9568137585070466,-0.1327416392150946
-0.43740880324421044,-0.2329877243383683
0.9966195687106948,0.23040378493459776
0.9060329371496599,0.4301387824764601
-0.9437663496688997,-0.4130496816612471
0.17055099449821326,-0.4960238604014484
1.0159778483580402,0.013886041626205447
0.36419741512580484,-0.8869262910702006
0.47464537865369333,-0.1470272699455434
0.6656570329702944,0.773102040265544
-0.5276461079969156,-0.7933495571966942
0.007771317546255711,-0.4287071904471364
0.5393603580718632,-0.8274397654669086
-0.4791432942135051,-0.8584766455692147
0.11842949128730176,-0.5144955471315881
-0.9750157923049994,0.1907644203283391
0.3680296747163847,0.2860969663562673
-0.48862716491887775,-0.8624719926002588
0.8914058019642589,0.5141325916943544
-0.08788111259949659,1.0060905703697849
0.8519046477970823,0.5105348001484425
-0.992084161610475,0.2450328468567101
0.3871625240367167,0.2732118510871544
0.18437922799547776,0.4745943368227552
-0.3248795602742417,0.3922108753385623
0.2980407107895083,-0.41516496733801306
0.4436852606870015,0.2312662776243094
0.051355945563839794,0.4897058659594134
0.0009327700745070944,0.5106053300361671
0.4717040264630137,-0.1459962614882227
0.9312664553674413,0.40913458854187307
0.4897673514941309,0.06679792116364691
-0.42552447936083904,0.23334866530167053
-0.4384885463984149,-0.8965966669818914
-0.9820573101195753,0.2510978131165479
0.47648138611306584,-0.149404798434912
-0.3832905831477887,0.919887588984988
0.44725422557341027,0.2558041920392733
-0.8509199137975153,0.5577836571992318
-0.32747527212972805,-0.39352898414014553
0.24061315740208328,0.4435196355841173
0.24817768141581736,0.3707761375811881
-0.9949839829664003,-0.12483069148583238
-0.9294458736512176,0.41733190232333817
-0.28092804057589593,-0.416104448444372
0.08755279366147005,0.49763985607516553
0.48083090412157703,0.13444050495263596
-0.7763140091080492,-0.6024159956277667
0.995463821274055,-0.08537097371641343
0.07691390320740103,0.4718846006998805
-0.11144479685026451,-0.47290587614427326
-0.7630933715494167,-0.6133949841062994
-0.40161834172539945,-0.290517261291055
0.5146003762077003,-0.08900514449386215
-0.04062819484572777,0.49975496870509023
-0.5176858272487125,-0.03977210215612857
-0.9124364826091126,-0.406088842857138
-1.0009690326205627,0.07743669591966908
0.89313882244325,0.46559224266826027
-0.5318301504636616,-0.07586483380024352
-0.9982789434268629,0.24383376835822435
-0.06081369129030193,0.9801942516928454
0.8794665193043012,0.45726660805647024
-0.015184061644862586,1.0334170043629798
-0.5848671554428766,-0.7858495608575068
-0.9394535064349627,0.21460633672061055
-0.7326038433614774,0.6364106005278866
-0.3341623484077138,-0.3458379644960192
0.36209030920927016,-0.3388409218459649
-0.4233712533886136,-0.22844677106072087
-0.9517322093259859,0.35407889051824715
-0.7235936866836111,-0.7185282915877932
1.0107898827432142,0.02981519478441441
0.01089860042699121,-0.49296212137211237
0.3182624277519013,0.3656613740131654
0.7862365878720443,0.6470802875458558
0.8153302694978831,0.6271717847933409
-0.23197197257725158,0.9452476710146784
-0.9719784846561866,-0.13659107592472552
0.20215301514696296,0.44101259556095496
-0.47385644348859696,0.14431535453868413
0.46323547597955333,0.2016386008045196
0.04154401095055647,-0.47634582224930094
-0.5095635267251193,-0.8759465043844128
-0.48785582838355895,-0.14377960602758963
-0.18852648422721777,-0.9721421000832414
0.8563414370845666,0.5113054815737273
-0.05623238438353917,-0.48884661779441885
-0.2762299680445582,-0.3695170093511476
0.806255604923108,-0.6113696863968329
0.15329148238392565,0.4458111104854854
-0.23263252748639907,0.9770480623636477
0.3615545161438035,0.927124352701702
-0.4974261085876109,-0.03783131289035387
-0.2767084419208815,0.9438196171475549
-0.1024387685922621,-0.46187044876908245
0.8964929946410142,-0.4290338588099084
0.4357252216082645,0.22204688448732415
-0.29843667546449754,0.44049634466503546
0.45869869702261273,-0.25313628745313715
-0.5159670947589339,-0.09286774032320097
-0.03152161966310782,-1.028715102818248
-0.20759637140672982,-0.45657059321568666
0.49404654005507637,0.16481707608190976
-0.3399629324392912,0.9219147069672532
0.6171203137937649,0.8052709354021313
0.5242220629098142,0.035930454117941865
-0.22010107616339014,-0.3771513249569961
-0.1105997648272356,1.0032992775361567
0.3953966548911772,-0.28984478199922187
-0.059866012609867895,-0.5046154515833754
-0.40876293748159276,0.9059674118666258
0.38088731565959244,-0.33414411359234997
0.48413017313741624,-0.2386241652083254
0.5079517615314103,-0.9096566663338131
0.44311593154685763,0.16266064402625885
0.10851165058217901,-0.4932132785384514
0.03239177763251606,0.49341249927519387
-0.5591274864602801,0.8362197901502503
-0.9749910446698418,0.13679303454891453
0.7418568010148672,0.6827429026658988
-0.11142552792963667,-0.5081660674246298
0.34730827827104593,-0.33814181567118134
-0.41265728049125144,0.9090069588215511
0.17119894683390574,0.46744498374823007
-0.9981066731432522,0.026915158985600617
-0.06761995127013237,-0.4643999254331565
-0.4607628573913376,0.13579080185713258
-0.5017161062301426,0.04137426199515708
0.41095519587988355,0.2738183296953082
0.9948144691637891,-0.14557652751614594
-0.11381760102155716,-0.4863490863613646
0.14036134240991008,-0.5069640166329231
0.4772922263797817,-0.1726748008420409
-0.5021575871611926,0.12969873595041903
-0.5587551299677059,-0.8025393037750526
0.6723402407555223,0.7075920489656874
-0.34603483278036284,-0.35664503134452086
-0.37740734106988066,-0.31798941464015157
-0.4409283358075914,-0.17520963430420447
-1.0174419268054382,0.19352935875237026
0.9944196244917871,0.2881714361532879
0.29329188640918386,0.3781132002691341
0.14754892471026065,-0.46348131381481283
0.11202280206728663,-0.9759794039552343
-0.22766593943984909,-0.40411429127338044
0.9856848688795007,0.16330265509386327
0.6371468730908132,-0.7887107956560742
0.46945922583806887,-0.8619659025706645
-0.2682226907377504,0.41966134777846154
-0.0607745098551544,1.0359971325036486
-0.4743358006264801,0.15771693117480423
-0.4324260725927197,-0.21217031820548254
-0.07926998508879131,-0.9966653914323778
-0.377462446892564,-0.2780446936043383
1.0200148492372663,0.11742615665313237
0.10580525266223229,0.9796678727937655
0.46004693259516016,0.27317194750452894
-0.3023398460661012,0.9657166020688503
0.5257433819066712,-0.1254920633294573
-0.6066220300706995,-0.7971501838133085
0.23084328836947435,-0.9632969944971408
-0.8380405056009221,-0.5816907011906687
-0.9807260860406789,-0.288405588801397
-0.18434316569581946,-0.46488906068764935
-0.3655761828293513,0.35991430182971335
-0.9845760287793823,-0.1722438443351868
-0.28400277833104925,-0.40881053157271596
0.3140946468184256,-0.4382510817535327
0.3176592323576043,0.38824188548602406
0.2781709573515879,0.981730583373625
0.8978519737411302,-0.5311136171576899
0.9184705956987363,-0.28784004116198403
1.0037011522515202,0.09600320097489426
0.43220374686095897,-0.3192806247979172
0.7118999757378868,-0.7462110509939132
-0.7409171968280736,0.6987077980907523
0.39936316530205007,0.2993254894358904
-0.4618106347909312,0.1804834004176874
-0.8472200610413886,-0.4957988832882005
0.9819665797471543,-0.3393844649252314
0.316423065723822,0.36242957449722035
-0.24301170472607045,-0.43816121937545643
-0.4702349087483932,-0.20496782637609987
0.4182011394227933,-0.2718473888714203
-0.1183366812645924,-0.5114020363688458
-0.1587668286015371,0.9858144721933092
-0.44176112299426407,-0.23495540613364585
